date,precipitation,temp_max,temp_min,wind,weather_fog,weather_rain,weather_snow,weather_sun
2012-01-01,-0.4536498564010315,12.8,5.0,1.0149797489499173,0,0,0,0
2012-01-02,1.1785979064098107,10.6,2.8,0.8758331398464331,0,1,0,0
2012-01-03,-0.3338518554607862,11.7,7.2,-0.654779560291891,0,1,0,0
2012-01-04,2.586224417457693,12.2,5.6,1.0149797489499173,0,1,0,0
2012-01-05,-0.2589781048731329,8.9,2.8,1.9890060126743048,0,1,0,0
2012-01-06,-0.07928110346276497,4.4,2.2,-0.7243528648436327,0,1,0,0
2012-01-07,-0.4536498564010315,7.2,2.8,-0.654779560291891,0,1,0,0
2012-01-08,-0.4536498564010315,10.0,2.8,-0.8634994739471168,0,0,0,1
2012-01-09,0.19026439865278688,9.4,5.0,0.11052678977727104,0,1,0,0
2012-01-10,-0.3039023552257249,6.1,0.6,0.11052678977727104,0,1,0,0
2012-01-11,-0.4536498564010315,6.1,-1.1,1.2932729671568848,0,0,0,1
2012-01-12,-0.4536498564010315,6.1,-1.7,-0.933072778498859,0,0,0,1
2012-01-13,-0.4536498564010315,5.0,-2.8,-1.3505126058093109,0,0,0,1
2012-01-14,0.16031489841772553,4.4,0.6,1.4324195762603689,0,0,1,0
2012-01-15,0.3400118998280935,1.1,-3.3,-0.02861981932621277,0,0,1,0
2012-01-16,-0.07928110346276497,1.7,-2.8,1.223699662605143,0,0,1,0
2012-01-17,0.7593049031189519,3.3,0.0,1.6411394899155947,0,0,1,0
2012-01-18,2.51135066687004,0.0,-2.8,1.223699662605143,0,0,1,0
2012-01-19,1.8225121614636288,-1.1,-2.8,-1.1417926921540849,0,0,1,0
2012-01-20,1.5679414094656077,7.2,-1.1,-0.654779560291891,0,0,1,0
2012-01-21,-0.004407352875111673,8.3,3.3,3.4500454082608862,0,1,0,0
2012-01-22,0.4598099007683388,6.7,2.2,1.084553053501659,0,1,0,0
2012-01-23,-0.4536498564010315,8.3,1.1,0.24967339888075515,0,1,0,0
2012-01-24,0.8341786537066053,10.0,2.2,1.2932729671568848,0,1,0,0
2012-01-25,0.7593049031189519,8.9,4.4,1.5019928808121112,0,1,0,0
2012-01-26,0.2651381492404402,8.9,1.1,1.084553053501659,0,1,0,0
2012-01-27,-0.4536498564010315,6.7,-2.2,-1.280939301257569,0,0,0,0
2012-01-28,-0.4536498564010315,6.7,0.6,-0.7243528648436327,0,1,0,0
2012-01-29,3.6943559261549614,9.4,3.9,0.8758331398464331,0,1,0,0
2012-01-30,0.0854411478300723,8.3,6.1,1.2932729671568848,0,1,0,0
2012-01-31,-0.18410435428547958,9.4,6.1,0.45839331253598103,0,1,0,0
2012-02-01,1.5679414094656077,8.9,3.3,-0.37648634208492276,0,1,0,0
2012-02-02,-0.4536498564010315,8.3,1.7,-0.4460596466366648,0,0,0,1
2012-02-03,-0.4536498564010315,14.4,2.2,1.4324195762603689,0,0,0,1
2012-02-04,-0.4536498564010315,15.6,5.0,0.736686530742949,0,0,0,1
2012-02-05,-0.4536498564010315,13.9,1.7,-0.23733973298143896,0,0,0,1
2012-02-06,-0.4536498564010315,16.1,1.7,1.223699662605143,0,0,0,1
2012-02-07,-0.40872560604843955,15.6,7.8,1.4324195762603689,0,1,0,0
2012-02-08,-0.03435685311017302,10.0,5.0,-0.37648634208492276,0,1,0,0
2012-02-09,-0.07928110346276497,11.1,7.8,-0.585206255740149,0,1,0,0
2012-02-10,-0.07928110346276497,12.8,6.7,-0.16776642842969688,0,1,0,0
2012-02-11,-0.3338518554607862,8.9,5.6,0.11052678977727104,0,1,0,0
2012-02-12,-0.3039023552257249,8.3,5.0,-1.3505126058093109,0,1,0,0
2012-02-13,1.2534716569974638,7.2,4.4,-1.280939301257569,0,1,0,0
2012-02-14,-0.07928110346276497,6.7,1.1,-0.09819312387795483,0,1,0,0
2012-02-15,-0.4536498564010315,7.2,0.6,-1.0026460830506008,0,0,0,0
2012-02-16,-0.18410435428547958,7.2,3.3,-0.7939261693953747,0,1,0,0
2012-02-17,2.136981913931773,10.0,4.4,0.11052678977727104,0,1,0,0
2012-02-18,0.5047341511209308,6.7,3.9,3.3804721037091445,0,1,0,0
2012-02-19,-0.4536498564010315,6.7,2.2,1.0149797489499173,0,0,0,1
2012-02-20,-0.004407352875111673,7.8,1.7,-0.23733973298143896,0,1,0,0
2012-02-21,-0.3338518554607862,10.0,7.8,2.963032276398693,0,1,0,0
2012-02-22,0.8341786537066053,10.0,2.8,1.8498594035708211,0,1,0,0
2012-02-23,-0.4536498564010315,8.3,2.8,0.45839331253598103,0,0,0,1
2012-02-24,1.2534716569974638,6.7,4.4,0.18010009432901308,0,1,0,0
2012-02-25,-0.4536498564010315,7.2,2.8,2.197725926329531,0,1,0,0
2012-02-26,-0.2589781048731329,5.0,-1.1,0.11052678977727104,0,0,1,0
2012-02-27,-0.4536498564010315,6.7,-2.2,-0.16776642842969688,0,0,0,1
2012-02-28,0.0854411478300723,6.7,-0.6,0.6671132261912072,0,0,1,0
2012-02-29,-0.3338518554607862,5.0,1.1,2.615165753639983,0,0,1,0
2012-03-01,-0.4536498564010315,6.1,1.1,-0.09819312387795483,0,0,0,1
2012-03-02,-0.1541548540504183,6.7,3.9,1.2932729671568848,0,1,0,0
2012-03-03,-0.4536498564010315,12.2,6.7,2.615165753639983,0,0,0,1
2012-03-04,-0.4536498564010315,10.6,6.7,1.6411394899155947,0,1,0,0
2012-03-05,0.5796079017085841,7.8,1.1,2.058579317226047,0,1,0,0
2012-03-06,-0.37877610581337817,6.7,0.0,-0.37648634208492276,0,0,1,0
2012-03-07,-0.4536498564010315,8.9,-1.7,-0.37648634208492276,0,0,0,1
2012-03-08,-0.4536498564010315,15.6,0.6,-0.5156329511884069,0,0,0,1
2012-03-09,0.0854411478300723,9.4,5.0,-0.306913037533181,0,1,0,0
2012-03-10,1.1037241558221573,7.2,6.1,0.11052678977727104,0,1,0,0
2012-03-11,1.5978909097006688,6.7,2.8,1.780286099019079,0,1,0,0
2012-03-12,2.4364769162823863,8.3,0.6,2.058579317226047,0,0,1,0
2012-03-13,0.9539766546468507,5.6,0.6,1.4324195762603689,0,0,1,0
2012-03-14,0.8341786537066053,7.8,1.1,1.0149797489499173,0,1,0,0
2012-03-15,3.125315421688796,11.1,5.6,1.780286099019079,0,0,1,0
2012-03-16,0.804229153471544,8.9,3.9,1.2932729671568848,0,1,0,0
2012-03-17,0.9539766546468507,10.0,0.6,0.38882000798423894,0,0,1,0
2012-03-18,0.0854411478300723,5.0,-0.6,-0.37648634208492276,0,1,0,0
2012-03-19,-0.1541548540504183,7.2,-1.1,-0.16776642842969688,0,1,0,0
2012-03-20,0.0854411478300723,7.8,2.2,2.197725926329531,0,1,0,0
2012-03-21,-0.2589781048731329,8.9,1.1,-0.5156329511884069,0,1,0,0
2012-03-22,0.16031489841772553,10.0,1.7,-0.7939261693953747,0,1,0,0
2012-03-23,-0.4536498564010315,12.2,0.6,-0.306913037533181,0,0,0,1
2012-03-24,-0.4536498564010315,15.0,3.3,1.3628462717086272,0,0,0,1
2012-03-25,-0.4536498564010315,13.3,2.2,-0.37648634208492276,0,1,0,0
2012-03-26,-0.4536498564010315,12.8,6.1,0.736686530742949,0,0,0,0
2012-03-27,0.2651381492404402,14.4,6.7,0.38882000798423894,0,1,0,0
2012-03-28,-0.2589781048731329,10.6,7.2,1.8498594035708211,0,1,0,0
2012-03-29,3.649431675802369,10.0,6.1,0.8062598352946913,0,1,0,0
2012-03-30,0.38493615018068544,9.4,5.0,1.0149797489499173,0,1,0,0
2012-03-31,1.5230171591130155,10.0,2.8,0.11052678977727104,0,1,0,0
2012-04-01,-0.2290286046380716,8.9,4.4,2.4760191445364987,0,1,0,0
2012-04-02,-0.4536498564010315,16.7,4.4,-0.09819312387795483,0,0,0,1
2012-04-03,-0.2290286046380716,11.7,3.3,-0.09819312387795483,0,1,0,0
2012-04-04,-0.4536498564010315,10.6,2.8,-0.7939261693953747,0,0,0,1
2012-04-05,0.23518864900537884,9.4,2.8,-1.0026460830506008,0,0,1,0
2012-04-06,-0.40872560604843955,11.1,3.3,-0.4460596466366648,0,1,0,0
2012-04-07,-0.4536498564010315,16.1,1.7,0.736686530742949,0,0,0,1
2012-04-08,-0.4536498564010315,21.1,7.2,0.5975399216394648,0,0,0,1
2012-04-09,-0.4536498564010315,20.0,6.1,-0.7939261693953747,0,0,0,1
2012-04-10,-0.4536498564010315,17.8,8.9,-0.02861981932621277,0,1,0,0
2012-04-11,-0.10923060369782632,11.1,7.2,-0.4460596466366648,0,1,0,0
2012-04-12,-0.37877610581337817,13.9,5.6,-0.4460596466366648,0,1,0,0
2012-04-13,-0.4536498564010315,15.0,3.9,0.5279666170877231,0,0,0,0
2012-04-14,-0.4536498564010315,15.6,3.3,-0.16776642842969688,0,0,0,1
2012-04-15,-0.4536498564010315,16.1,7.2,-0.23733973298143896,0,1,0,0
2012-04-16,0.7593049031189519,13.3,6.7,1.780286099019079,0,1,0,0
2012-04-17,-0.18410435428547958,10.0,4.4,-0.8634994739471168,0,1,0,0
2012-04-18,-0.18410435428547958,13.3,7.2,0.45839331253598103,0,1,0,0
2012-04-19,1.1785979064098107,13.9,5.0,-0.4460596466366648,0,1,0,0
2012-04-20,0.534683651355992,13.3,6.7,-0.37648634208492276,0,1,0,0
2012-04-21,-0.4536498564010315,20.0,4.4,-0.654779560291891,0,0,0,1
2012-04-22,-0.4536498564010315,23.3,8.3,-0.4460596466366648,0,1,0,0
2012-04-23,-0.4536498564010315,21.7,8.9,0.18010009432901308,0,0,0,1
2012-04-24,0.19026439865278688,13.9,10.0,-0.306913037533181,0,1,0,0
2012-04-25,1.148648406174749,16.7,8.9,-0.4460596466366648,0,1,0,0
2012-04-26,0.11539064806513359,13.9,6.7,1.3628462717086272,0,1,0,0
2012-04-27,-0.3338518554607862,13.3,6.1,1.084553053501659,0,1,0,0
2012-04-28,-0.4536498564010315,16.1,8.3,-0.5156329511884069,0,0,0,0
2012-04-29,0.19026439865278688,15.6,8.9,-1.1417926921540849,0,1,0,0
2012-04-30,0.19026439865278688,12.8,7.2,3.310898799157403,0,1,0,0
2012-05-01,-0.37877610581337817,11.7,6.1,2.197725926329531,0,1,0,0
2012-05-02,-0.37877610581337817,13.3,5.6,-0.5156329511884069,0,1,0,0
2012-05-03,2.3166789153421408,11.1,7.2,0.11052678977727104,0,1,0,0
2012-05-04,-0.18410435428547958,12.2,6.1,0.9454064443981748,0,1,0,0
2012-05-05,-0.4536498564010315,13.3,5.0,-0.654779560291891,0,0,0,1
2012-05-06,-0.4536498564010315,17.8,5.0,-0.585206255740149,0,0,0,1
2012-05-07,-0.4536498564010315,23.9,6.1,-0.7243528648436327,0,0,0,1
2012-05-08,-0.4536498564010315,18.3,9.4,-0.16776642842969688,0,0,0,1
2012-05-09,-0.4536498564010315,13.3,6.7,0.45839331253598103,0,1,0,0
2012-05-10,-0.4536498564010315,14.4,3.9,-0.16776642842969688,0,0,0,1
2012-05-11,-0.4536498564010315,18.3,4.4,0.736686530742949,0,0,0,1
2012-05-12,-0.4536498564010315,24.4,6.7,0.11052678977727104,0,0,0,1
2012-05-13,-0.4536498564010315,25.6,9.4,0.6671132261912072,0,0,0,1
2012-05-14,-0.4536498564010315,26.7,12.8,0.38882000798423894,0,0,0,1
2012-05-15,-0.4536498564010315,24.4,9.4,0.5975399216394648,0,0,0,0
2012-05-16,-0.4536498564010315,19.4,9.4,0.18010009432901308,0,0,0,1
2012-05-17,-0.4536498564010315,17.8,6.7,-0.23733973298143896,0,1,0,0
2012-05-18,-0.4536498564010315,15.6,7.8,-0.09819312387795483,0,1,0,0
2012-05-19,-0.4536498564010315,19.4,7.2,-1.2113659967058268,0,0,0,1
2012-05-20,0.5047341511209308,14.4,11.7,-1.3505126058093109,0,1,0,0
2012-05-21,1.642815160053261,16.7,10.0,0.5279666170877231,0,1,0,0
2012-05-22,0.4598099007683388,12.8,8.9,1.084553053501659,0,1,0,0
2012-05-23,-0.40872560604843955,14.4,8.9,2.128152621777789,0,1,0,0
2012-05-24,-0.4536498564010315,17.2,8.9,0.040953485225528975,0,1,0,0
2012-05-25,-0.4536498564010315,22.2,8.9,-0.09819312387795483,0,1,0,0
2012-05-26,-0.4536498564010315,22.2,8.9,0.24967339888075515,0,0,0,1
2012-05-27,-0.4536498564010315,17.2,11.7,0.3192467034324972,0,0,0,1
2012-05-28,-0.4536498564010315,16.7,10.0,0.11052678977727104,0,1,0,0
2012-05-29,-0.4536498564010315,16.1,7.8,-1.0026460830506008,0,0,0,1
2012-05-30,-0.40872560604843955,18.9,11.1,-1.2113659967058268,0,1,0,0
2012-05-31,0.11539064806513359,17.8,12.2,-0.37648634208492276,0,1,0,0
2012-06-01,0.534683651355992,20.0,12.8,0.3192467034324972,0,1,0,0
2012-06-02,-0.40872560604843955,18.9,10.6,0.3192467034324972,0,1,0,0
2012-06-03,-0.4536498564010315,17.2,9.4,-0.23733973298143896,0,0,0,1
2012-06-04,-0.2589781048731329,12.8,8.9,-0.09819312387795483,0,1,0,0
2012-06-05,1.942310162403874,13.3,8.3,0.040953485225528975,0,1,0,0
2012-06-06,-0.4536498564010315,16.1,6.1,0.11052678977727104,0,0,0,1
2012-06-07,2.0171839129915274,16.1,8.9,0.18010009432901308,0,1,0,0
2012-06-08,-0.2290286046380716,15.0,8.3,-0.16776642842969688,0,1,0,0
2012-06-09,-0.4536498564010315,17.2,8.3,1.0149797489499173,0,1,0,0
2012-06-10,-0.4536498564010315,18.9,10.0,-0.23733973298143896,0,0,0,1
2012-06-11,-0.4536498564010315,23.3,10.0,-1.0026460830506008,0,1,0,0
2012-06-12,-0.3338518554607862,18.3,12.8,0.45839331253598103,0,1,0,0
2012-06-13,-0.4536498564010315,16.1,11.1,0.736686530742949,0,0,0,1
2012-06-14,-0.4536498564010315,17.2,10.0,-0.37648634208492276,0,0,0,1
2012-06-15,-0.4536498564010315,22.2,9.4,-1.072219387602343,0,0,0,1
2012-06-16,-0.4536498564010315,21.1,15.0,0.5975399216394648,0,1,0,0
2012-06-17,-0.4536498564010315,18.9,11.7,2.197725926329531,0,0,0,1
2012-06-18,-0.004407352875111673,17.2,10.0,0.38882000798423894,0,1,0,0
2012-06-19,-0.3039023552257249,19.4,10.0,-0.16776642842969688,0,1,0,0
2012-06-20,-0.4536498564010315,24.4,10.0,-0.16776642842969688,0,0,0,1
2012-06-21,-0.4536498564010315,23.9,11.7,-0.7939261693953747,0,0,0,1
2012-06-22,1.8973859120512822,13.9,11.7,-0.933072778498859,0,1,0,0
2012-06-23,0.8341786537066053,15.6,9.4,-0.5156329511884069,0,1,0,0
2012-06-24,-0.4536498564010315,19.4,9.4,-0.8634994739471168,0,0,0,0
2012-06-25,-0.37877610581337817,19.4,11.1,-0.09819312387795483,0,1,0,0
2012-06-26,-0.4536498564010315,18.3,10.6,0.11052678977727104,0,1,0,0
2012-06-27,-0.4536498564010315,22.8,8.9,-1.0026460830506008,0,0,0,1
2012-06-28,-0.4536498564010315,22.2,11.7,-0.5156329511884069,0,1,0,0
2012-06-29,-0.40872560604843955,21.7,15.0,-0.933072778498859,0,1,0,0
2012-06-30,-0.004407352875111673,20.0,13.3,-0.585206255740149,0,1,0,0
2012-07-01,-0.4536498564010315,20.0,12.2,-0.654779560291891,0,1,0,0
2012-07-02,-0.1541548540504183,18.9,11.7,-0.7939261693953747,0,1,0,0
2012-07-03,0.4148856504157468,18.3,10.6,1.919432708122563,0,1,0,0
2012-07-04,-0.4536498564010315,20.6,9.4,0.38882000798423894,0,0,0,1
2012-07-05,-0.4536498564010315,24.4,10.6,-0.09819312387795483,0,0,0,0
2012-07-06,-0.4536498564010315,25.0,11.1,-0.7939261693953747,0,0,0,1
2012-07-07,-0.4536498564010315,26.7,12.8,0.38882000798423894,0,0,0,1
2012-07-08,-0.4536498564010315,28.3,14.4,-0.306913037533181,0,1,0,0
2012-07-09,-0.2290286046380716,25.0,12.8,-0.8634994739471168,0,1,0,0
2012-07-10,-0.4536498564010315,23.9,11.1,-0.654779560291891,0,0,0,0
2012-07-11,-0.4536498564010315,27.8,13.3,-0.23733973298143896,1,0,0,0
2012-07-12,-0.4536498564010315,25.6,13.3,-0.37648634208492276,0,0,0,0
2012-07-13,-0.37877610581337817,23.3,13.9,-0.7243528648436327,0,1,0,0
2012-07-14,-0.4536498564010315,25.0,15.0,-0.7243528648436327,0,1,0,0
2012-07-15,-0.4536498564010315,18.9,13.3,0.38882000798423894,0,1,0,0
2012-07-16,-0.40872560604843955,26.1,13.3,-0.5156329511884069,0,1,0,0
2012-07-17,-0.4536498564010315,21.7,15.0,-0.4460596466366648,0,0,0,1
2012-07-18,-0.4536498564010315,21.1,14.4,-0.23733973298143896,0,0,0,1
2012-07-19,-0.4536498564010315,25.0,14.4,-0.7243528648436327,0,0,0,1
2012-07-20,1.8225121614636288,19.4,13.9,0.5279666170877231,0,1,0,0
2012-07-21,-0.4536498564010315,23.9,13.9,-0.654779560291891,0,0,0,1
2012-07-22,-0.3039023552257249,20.6,12.2,0.45839331253598103,0,1,0,0
2012-07-23,-0.4536498564010315,18.9,11.1,0.040953485225528975,0,1,0,0
2012-07-24,-0.4536498564010315,23.3,12.2,0.736686530742949,0,0,0,1
2012-07-25,-0.4536498564010315,26.7,12.8,-0.4460596466366648,0,0,0,1
2012-07-26,-0.4536498564010315,25.6,12.8,-0.7243528648436327,0,0,0,0
2012-07-27,-0.4536498564010315,18.9,13.9,-0.306913037533181,0,0,0,0
2012-07-28,-0.4536498564010315,22.2,13.3,-1.072219387602343,0,0,0,0
2012-07-29,-0.4536498564010315,22.8,15.0,-0.8634994739471168,0,0,0,1
2012-07-30,-0.4536498564010315,19.4,13.3,-0.16776642842969688,0,0,0,1
2012-07-31,-0.4536498564010315,22.8,13.9,-0.306913037533181,0,0,0,1
2012-08-01,-0.4536498564010315,23.9,13.3,-0.7243528648436327,0,0,0,0
2012-08-02,-0.4536498564010315,23.3,12.2,-0.5156329511884069,0,0,0,1
2012-08-03,-0.4536498564010315,27.2,12.8,0.45839331253598103,0,0,0,1
2012-08-04,-0.4536498564010315,33.9,16.7,0.3192467034324972,0,0,0,1
2012-08-05,-0.4536498564010315,33.9,17.8,-0.933072778498859,0,0,0,1
2012-08-06,-0.4536498564010315,28.3,15.6,-0.5156329511884069,0,1,0,0
2012-08-07,-0.4536498564010315,21.1,15.0,-0.4460596466366648,0,0,0,0
2012-08-08,-0.4536498564010315,22.2,15.0,-0.09819312387795483,0,0,0,1
2012-08-09,-0.4536498564010315,24.4,14.4,0.38882000798423894,0,0,0,0
2012-08-10,-0.4536498564010315,25.6,12.2,-0.654779560291891,0,0,0,1
2012-08-11,-0.4536498564010315,28.3,13.3,-0.5156329511884069,0,0,0,1
2012-08-12,-0.4536498564010315,30.6,15.0,-0.16776642842969688,0,0,0,1
2012-08-13,-0.4536498564010315,30.6,15.0,-0.306913037533181,0,0,0,1
2012-08-14,-0.4536498564010315,28.9,13.9,-0.306913037533181,0,0,0,1
2012-08-15,-0.4536498564010315,31.1,16.7,1.0149797489499173,0,0,0,1
2012-08-16,-0.4536498564010315,34.4,18.3,-0.306913037533181,0,0,0,1
2012-08-17,-0.4536498564010315,32.8,16.1,-1.0026460830506008,0,0,0,1
2012-08-18,-0.4536498564010315,21.7,14.4,-0.16776642842969688,0,0,0,0
2012-08-19,-0.4536498564010315,23.3,15.0,-0.37648634208492276,0,0,0,0
2012-08-20,-0.4536498564010315,25.6,15.0,-0.933072778498859,0,0,0,1
2012-08-21,-0.4536498564010315,23.3,13.3,-0.16776642842969688,0,1,0,0
2012-08-22,-0.4536498564010315,22.2,13.3,-0.654779560291891,0,0,0,1
2012-08-23,-0.4536498564010315,21.1,13.9,0.38882000798423894,0,0,0,1
2012-08-24,-0.4536498564010315,22.2,10.0,0.040953485225528975,0,0,0,1
2012-08-25,-0.4536498564010315,26.1,11.7,-0.02861981932621277,0,0,0,1
2012-08-26,-0.4536498564010315,21.1,12.2,0.11052678977727104,0,0,0,1
2012-08-27,-0.4536498564010315,23.9,13.3,-1.0026460830506008,0,0,0,1
2012-08-28,-0.4536498564010315,22.8,12.2,-0.02861981932621277,0,0,0,1
2012-08-29,-0.4536498564010315,22.8,13.3,-0.585206255740149,0,0,0,1
2012-08-30,-0.4536498564010315,22.8,12.8,-0.933072778498859,0,0,0,1
2012-08-31,-0.4536498564010315,22.2,10.6,-0.23733973298143896,0,0,0,1
2012-09-01,-0.4536498564010315,21.7,10.6,-0.7939261693953747,0,0,0,1
2012-09-02,-0.4536498564010315,21.1,10.0,-0.8634994739471168,0,0,0,1
2012-09-03,-0.4536498564010315,22.8,12.8,0.040953485225528975,0,0,0,1
2012-09-04,-0.4536498564010315,24.4,11.1,-0.09819312387795483,0,0,0,1
2012-09-05,-0.4536498564010315,26.1,11.7,-0.4460596466366648,0,0,0,1
2012-09-06,-0.4536498564010315,28.3,14.4,0.6671132261912072,0,0,0,1
2012-09-07,-0.4536498564010315,32.2,13.3,-0.09819312387795483,0,0,0,1
2012-09-08,-0.4536498564010315,25.0,13.3,-0.16776642842969688,0,0,0,1
2012-09-09,-0.40872560604843955,18.9,13.9,1.223699662605143,0,1,0,0
2012-09-10,-0.40872560604843955,20.0,11.7,0.45839331253598103,0,1,0,0
2012-09-11,-0.4536498564010315,20.0,8.9,0.6671132261912072,0,0,0,1
2012-09-12,-0.4536498564010315,22.2,10.0,1.6411394899155947,0,0,0,1
2012-09-13,-0.4536498564010315,27.8,11.7,0.24967339888075515,0,0,0,1
2012-09-14,-0.4536498564010315,26.1,11.1,-1.2113659967058268,0,0,0,1
2012-09-15,-0.4536498564010315,22.2,11.1,-0.933072778498859,0,0,0,1
2012-09-16,-0.4536498564010315,24.4,9.4,-0.654779560291891,0,0,0,1
2012-09-17,-0.4536498564010315,27.8,11.7,-0.7243528648436327,1,0,0,0
2012-09-18,-0.4536498564010315,27.8,11.7,-1.280939301257569,0,0,0,1
2012-09-19,-0.4536498564010315,23.9,11.7,-0.933072778498859,0,0,0,0
2012-09-20,-0.4536498564010315,19.4,10.0,-0.5156329511884069,0,0,0,0
2012-09-21,-0.4536498564010315,16.1,12.8,-0.7939261693953747,0,0,0,0
2012-09-22,-0.40872560604843955,19.4,11.7,-1.4896592149127947,0,1,0,0
2012-09-23,-0.4536498564010315,19.4,10.0,-1.280939301257569,1,0,0,0
2012-09-24,-0.4536498564010315,21.1,10.0,-1.0026460830506008,1,0,0,0
2012-09-25,-0.4536498564010315,19.4,11.1,-1.072219387602343,0,0,0,1
2012-09-26,-0.4536498564010315,19.4,9.4,-1.072219387602343,0,0,0,0
2012-09-27,-0.4536498564010315,22.8,10.0,-1.072219387602343,0,0,0,0
2012-09-28,-0.4536498564010315,25.0,12.2,-1.4896592149127947,0,1,0,0
2012-09-29,-0.4536498564010315,20.6,12.2,0.736686530742949,0,0,0,1
2012-09-30,-0.4536498564010315,21.1,7.8,-0.09819312387795483,0,0,0,1
2012-10-01,-0.4536498564010315,23.3,8.9,-0.16776642842969688,0,0,0,1
2012-10-02,-0.4536498564010315,17.8,10.0,0.5975399216394648,0,0,0,1
2012-10-03,-0.4536498564010315,18.9,7.8,2.8238856672952086,0,0,0,1
2012-10-04,-0.4536498564010315,18.9,8.3,2.267299230881273,0,0,0,1
2012-10-05,-0.4536498564010315,21.7,8.9,1.710712794467337,0,0,0,1
2012-10-06,-0.4536498564010315,23.9,7.8,1.2932729671568848,0,0,0,1
2012-10-07,-0.4536498564010315,23.9,7.8,-1.3505126058093109,0,0,0,1
2012-10-08,-0.4536498564010315,21.1,7.8,-0.933072778498859,0,0,0,1
2012-10-09,-0.4536498564010315,16.1,8.9,-1.1417926921540849,0,0,0,0
2012-10-10,-0.4536498564010315,12.2,8.3,-1.280939301257569,0,0,0,0
2012-10-11,-0.4536498564010315,13.9,7.2,-1.3505126058093109,0,0,0,0
2012-10-12,-0.1541548540504183,13.9,8.9,0.9454064443981748,0,1,0,0
2012-10-13,0.2651381492404402,15.6,12.2,0.45839331253598103,0,1,0,0
2012-10-14,2.0171839129915274,17.8,13.3,0.11052678977727104,0,1,0,0
2012-10-15,0.7293554028838908,17.2,11.1,0.9454064443981748,0,1,0,0
2012-10-16,-0.4536498564010315,16.1,8.3,1.571566185363853,0,0,0,1
2012-10-17,-0.4536498564010315,14.4,6.1,-1.1417926921540849,0,0,0,1
2012-10-18,2.6610981680453465,17.8,6.7,-0.8634994739471168,0,1,0,0
2012-10-19,0.2651381492404402,15.0,9.4,1.4324195762603689,0,1,0,0
2012-10-20,-0.37877610581337817,11.1,6.1,1.710712794467337,0,1,0,0
2012-10-21,0.5047341511209308,11.7,4.4,-0.37648634208492276,0,1,0,0
2012-10-22,0.8791029040591973,7.8,3.3,-0.4460596466366648,0,1,0,0
2012-10-23,-0.4536498564010315,11.1,5.6,-0.16776642842969688,0,1,0,0
2012-10-24,0.6095574019436454,11.7,6.1,-0.7939261693953747,0,1,0,0
2012-10-25,-0.4536498564010315,11.7,6.7,-1.2113659967058268,0,0,0,1
2012-10-26,-0.2290286046380716,11.1,7.2,-0.5156329511884069,0,1,0,0
2012-10-27,3.005517420748551,14.4,9.4,1.2932729671568848,0,1,0,0
2012-10-28,0.4598099007683388,14.4,10.0,0.38882000798423894,0,1,0,0
2012-10-29,1.1785979064098107,15.6,10.0,1.1541263580534014,0,1,0,0
2012-10-30,4.712638934147046,15.0,12.2,-0.306913037533181,0,1,0,0
2012-10-31,1.7176889106409143,15.6,11.1,-0.37648634208492276,0,1,0,0
2012-11-01,0.9989009049994425,15.0,10.6,-0.16776642842969688,0,1,0,0
2012-11-02,0.38493615018068544,15.0,10.6,-1.559232519464537,0,1,0,0
2012-11-03,-0.37877610581337817,15.6,11.1,0.24967339888075515,0,1,0,0
2012-11-04,0.7593049031189519,17.8,12.8,0.38882000798423894,0,1,0,0
2012-11-05,-0.3338518554607862,15.0,7.8,0.5279666170877231,0,1,0,0
2012-11-06,-0.40872560604843955,12.8,6.7,0.18010009432901308,0,1,0,0
2012-11-07,-0.4536498564010315,12.2,3.9,0.11052678977727104,0,1,0,0
2012-11-08,-0.4536498564010315,10.0,1.1,0.11052678977727104,0,1,0,0
2012-11-09,-0.4536498564010315,8.9,1.1,-0.8634994739471168,0,1,0,0
2012-11-10,-0.4536498564010315,7.8,-0.6,-0.7243528648436327,0,0,0,1
2012-11-11,1.8225121614636288,8.9,1.1,-0.16776642842969688,0,1,0,0
2012-11-12,0.0854411478300723,12.8,6.1,-0.16776642842969688,0,1,0,0
2012-11-13,0.3400118998280935,11.1,7.8,-0.5156329511884069,0,1,0,0
2012-11-14,-0.3338518554607862,11.1,5.0,-0.4460596466366648,0,1,0,0
2012-11-15,-0.4536498564010315,9.4,2.8,-0.585206255740149,0,0,0,0
2012-11-16,0.38493615018068544,9.4,2.2,-1.1417926921540849,0,1,0,0
2012-11-17,0.4598099007683388,12.2,6.1,1.4324195762603689,0,1,0,0
2012-11-18,0.7293554028838908,10.0,6.1,1.1541263580534014,0,1,0,0
2012-11-19,7.647689957183056,13.3,8.3,1.919432708122563,0,1,0,0
2012-11-20,0.11539064806513359,11.1,7.2,0.6671132261912072,0,1,0,0
2012-11-21,1.2235221567624024,8.3,3.9,1.571566185363853,0,1,0,0
2012-11-22,-0.4536498564010315,8.9,2.8,-1.2113659967058268,0,1,0,0
2012-11-23,4.338270181208779,9.4,6.1,-0.585206255740149,0,1,0,0
2012-11-24,-0.4536498564010315,8.9,3.9,-1.4200859103610526,0,1,0,0
2012-11-25,-0.4536498564010315,8.3,1.1,0.24967339888075515,0,0,0,0
2012-11-26,-0.4536498564010315,9.4,1.7,0.38882000798423894,1,0,0,0
2012-11-27,-0.4536498564010315,10.0,1.7,-1.2113659967058268,0,0,0,1
2012-11-28,-0.03435685311017302,9.4,2.2,-0.23733973298143896,0,1,0,0
2012-11-29,-0.2290286046380716,12.8,7.8,0.6671132261912072,0,1,0,0
2012-11-30,4.8773611854398835,15.0,7.8,0.9454064443981748,0,1,0,0
2012-12-01,0.16031489841772553,13.3,8.3,1.571566185363853,0,1,0,0
2012-12-02,2.481401166634978,8.3,7.2,2.058579317226047,0,1,0,0
2012-12-03,1.4930676588779543,9.4,7.2,0.8062598352946913,0,1,0,0
2012-12-04,1.6727646602883222,11.7,7.2,2.058579317226047,0,1,0,0
2012-12-05,-0.2290286046380716,8.9,4.4,1.223699662605143,0,1,0,0
2012-12-06,-0.2290286046380716,7.2,6.1,1.2932729671568848,0,1,0,0
2012-12-07,-0.3039023552257249,7.8,3.3,0.9454064443981748,0,1,0,0
2012-12-08,-0.4536498564010315,6.7,3.3,-0.8634994739471168,0,0,0,1
2012-12-09,-0.2290286046380716,6.7,2.8,-0.7939261693953747,0,1,0,0
2012-12-10,-0.37877610581337817,7.2,5.6,-1.0026460830506008,0,1,0,0
2012-12-11,-0.004407352875111673,7.8,5.6,0.8758331398464331,0,1,0,0
2012-12-12,0.7593049031189519,6.7,4.4,-0.8634994739471168,0,1,0,0
2012-12-13,-0.10923060369782632,7.2,3.3,-0.306913037533181,0,1,0,0
2012-12-14,0.7293554028838908,6.1,1.1,-1.072219387602343,0,1,0,0
2012-12-15,0.3400118998280935,4.4,0.6,1.2932729671568848,0,0,1,0
2012-12-16,2.9306436701608978,6.7,3.3,1.571566185363853,0,0,1,0
2012-12-17,-0.1541548540504183,8.3,1.7,4.354498367433533,0,1,0,0
2012-12-18,0.04051689747748028,3.9,0.6,1.4324195762603689,0,0,1,0
2012-12-19,1.5978909097006688,8.3,1.7,1.780286099019079,0,0,1,0
2012-12-20,1.5230171591130155,7.2,0.6,0.3192467034324972,0,1,0,0
2012-12-21,-0.18410435428547958,8.3,-1.7,-1.072219387602343,0,1,0,0
2012-12-22,0.04051689747748028,8.3,3.9,0.18010009432901308,0,1,0,0
2012-12-23,0.534683651355992,7.2,3.3,-0.5156329511884069,0,1,0,0
2012-12-24,-0.40872560604843955,5.6,2.8,-0.306913037533181,0,1,0,0
2012-12-25,1.5679414094656077,5.6,2.8,0.6671132261912072,0,0,1,0
2012-12-26,0.23518864900537884,6.7,3.3,1.1541263580534014,0,1,0,0
2012-12-27,0.16031489841772553,7.8,3.3,-0.02861981932621277,0,1,0,0
2012-12-28,-0.4536498564010315,8.3,3.9,-1.072219387602343,0,1,0,0
2012-12-29,-0.2290286046380716,5.0,3.3,-1.072219387602343,0,1,0,0
2012-12-30,-0.4536498564010315,4.4,0.0,-1.0026460830506008,0,0,0,0
2012-12-31,-0.4536498564010315,3.3,-1.1,-0.8634994739471168,0,0,0,0
2013-01-01,-0.4536498564010315,5.0,-2.8,-0.37648634208492276,0,0,0,1
2013-01-02,-0.4536498564010315,6.1,-1.1,-0.02861981932621277,0,0,0,1
2013-01-03,0.16031489841772553,6.7,-1.7,-0.16776642842969688,0,1,0,0
2013-01-04,-0.07928110346276497,10.0,2.2,-0.306913037533181,0,1,0,0
2013-01-05,-0.004407352875111673,6.7,4.4,-0.09819312387795483,0,1,0,0
2013-01-06,-0.1541548540504183,7.2,2.8,-0.16776642842969688,0,1,0,0
2013-01-07,-0.10923060369782632,10.0,4.4,2.8238856672952086,0,1,0,0
2013-01-08,1.9872344127564663,11.7,5.6,2.128152621777789,0,1,0,0
2013-01-09,5.2966541887307415,10.0,1.7,1.2932729671568848,0,1,0,0
2013-01-10,-0.40872560604843955,3.3,-0.6,-0.7939261693953747,0,0,1,0
2013-01-11,-0.4536498564010315,2.8,-2.8,-0.933072778498859,0,0,0,0
2013-01-12,-0.4536498564010315,2.8,-3.9,-0.8634994739471168,0,0,0,1
2013-01-13,-0.4536498564010315,2.2,-4.4,-1.2113659967058268,0,0,0,1
2013-01-14,-0.4536498564010315,3.3,-2.2,-1.3505126058093109,0,0,0,1
2013-01-15,-0.4536498564010315,6.7,-0.6,-0.654779560291891,0,0,0,1
2013-01-16,-0.4536498564010315,6.1,-3.9,-1.0026460830506008,0,0,0,0
2013-01-17,-0.4536498564010315,3.9,-2.8,-1.559232519464537,0,0,0,0
2013-01-18,-0.4536498564010315,3.3,-1.1,-1.3505126058093109,0,0,0,0
2013-01-19,-0.4536498564010315,1.1,-0.6,-0.933072778498859,0,0,0,0
2013-01-20,-0.4536498564010315,3.3,-0.6,-0.7939261693953747,0,0,0,0
2013-01-21,-0.4536498564010315,2.2,-1.7,-1.4896592149127947,0,0,0,0
2013-01-22,-0.4536498564010315,3.3,-1.7,-1.8375257376715046,0,0,0,0
2013-01-23,0.31006239959303217,7.2,2.2,-0.09819312387795483,0,1,0,0
2013-01-24,0.4148856504157468,7.2,1.1,-0.4460596466366648,0,1,0,0
2013-01-25,-0.004407352875111673,10.6,2.8,-0.7939261693953747,0,1,0,0
2013-01-26,-0.10923060369782632,8.3,3.9,0.8758331398464331,0,1,0,0
2013-01-27,-0.18410435428547958,5.6,3.9,0.8758331398464331,0,1,0,0
2013-01-28,0.7293554028838908,6.1,3.3,-0.02861981932621277,0,1,0,0
2013-01-29,0.19026439865278688,8.3,5.0,0.45839331253598103,0,1,0,0
2013-01-30,0.0854411478300723,8.9,6.7,0.45839331253598103,0,1,0,0
2013-01-31,-0.004407352875111673,9.4,7.2,0.5279666170877231,0,1,0,0
2013-02-01,-0.40872560604843955,11.7,5.0,-0.23733973298143896,0,1,0,0
2013-02-02,-0.4536498564010315,6.1,2.8,-0.8634994739471168,0,0,0,0
2013-02-03,-0.10923060369782632,8.9,2.8,-0.23733973298143896,0,1,0,0
2013-02-04,-0.4536498564010315,10.6,6.7,-0.4460596466366648,0,1,0,0
2013-02-05,0.04051689747748028,10.0,6.7,1.2932729671568848,0,1,0,0
2013-02-06,-0.3039023552257249,10.6,6.1,0.8758331398464331,0,1,0,0
2013-02-07,-0.2589781048731329,9.4,3.3,0.5975399216394648,0,1,0,0
2013-02-08,-0.4536498564010315,7.8,2.2,-1.3505126058093109,0,0,0,1
2013-02-09,-0.40872560604843955,8.3,4.4,-1.3505126058093109,0,1,0,0
2013-02-10,-0.4536498564010315,8.9,1.7,-0.8634994739471168,0,0,0,0
2013-02-11,-0.40872560604843955,8.3,4.4,-1.280939301257569,0,1,0,0
2013-02-12,-0.3039023552257249,11.1,7.2,1.6411394899155947,0,1,0,0
2013-02-13,-0.10923060369782632,9.4,7.2,0.5975399216394648,0,1,0,0
2013-02-14,-0.3039023552257249,9.4,5.6,-0.7243528648436327,0,1,0,0
2013-02-15,-0.4536498564010315,13.3,5.0,-0.585206255740149,0,0,0,0
2013-02-16,-0.4536498564010315,11.1,3.9,1.6411394899155947,0,1,0,0
2013-02-17,-0.4536498564010315,9.4,4.4,0.11052678977727104,0,1,0,0
2013-02-18,-0.4536498564010315,7.8,3.9,-0.933072778498859,0,1,0,0
2013-02-19,-0.4536498564010315,10.6,1.7,0.11052678977727104,0,0,0,1
2013-02-20,-0.2290286046380716,7.8,1.1,-0.7939261693953747,0,1,0,0
2013-02-21,-0.37877610581337817,6.7,3.9,2.058579317226047,0,1,0,0
2013-02-22,0.9539766546468507,7.8,3.9,3.3804721037091445,0,1,0,0
2013-02-23,-0.40872560604843955,10.0,3.9,0.9454064443981748,0,1,0,0
2013-02-24,-0.4536498564010315,8.9,5.0,1.571566185363853,0,1,0,0
2013-02-25,-0.10923060369782632,10.6,3.3,2.6847390581917248,0,1,0,0
2013-02-26,-0.37877610581337817,8.9,3.9,0.38882000798423894,0,1,0,0
2013-02-27,0.23518864900537884,10.0,4.4,-1.0026460830506008,0,1,0,0
2013-02-28,0.7593049031189519,11.7,6.7,0.38882000798423894,0,1,0,0
2013-03-01,0.16031489841772553,15.0,11.1,1.5019928808121112,0,1,0,0
2013-03-02,-0.3338518554607862,13.9,5.0,0.8758331398464331,0,1,0,0
2013-03-03,-0.4536498564010315,11.1,2.2,-0.306913037533181,0,0,0,1
2013-03-04,-0.4536498564010315,13.3,0.0,0.45839331253598103,0,0,0,1
2013-03-05,-0.4536498564010315,9.4,6.1,-0.585206255740149,0,1,0,0
2013-03-06,1.328345407585117,7.2,5.0,0.5975399216394648,0,1,0,0
2013-03-07,0.6544816522962374,12.2,5.0,-0.5156329511884069,0,1,0,0
2013-03-08,-0.4536498564010315,11.7,2.2,-0.4460596466366648,0,0,0,0
2013-03-09,-0.4536498564010315,12.8,1.1,-1.3505126058093109,1,0,0,0
2013-03-10,-0.3338518554607862,7.8,3.9,-1.1417926921540849,0,1,0,0
2013-03-11,-0.2589781048731329,10.6,6.1,-1.4896592149127947,0,1,0,0
2013-03-12,-0.1541548540504183,12.8,10.0,1.710712794467337,0,1,0,0
2013-03-13,-0.10923060369782632,11.7,9.4,0.3192467034324972,0,1,0,0
2013-03-14,-0.03435685311017302,11.7,9.4,-0.16776642842969688,0,1,0,0
2013-03-15,-0.4536498564010315,14.4,8.9,0.736686530742949,0,1,0,0
2013-03-16,0.19026439865278688,10.6,4.4,2.197725926329531,0,1,0,0
2013-03-17,-0.4536498564010315,8.9,3.9,1.9890060126743048,0,0,0,1
2013-03-18,-0.4536498564010315,11.7,3.9,1.8498594035708211,0,1,0,0
2013-03-19,1.2983959073500557,12.8,1.7,0.11052678977727104,0,1,0,0
2013-03-20,1.028850405234504,11.1,4.4,3.0326055809504346,0,1,0,0
2013-03-21,0.7593049031189519,10.0,2.2,1.1541263580534014,0,0,1,0
2013-03-22,-0.4536498564010315,9.4,0.6,-0.7243528648436327,0,0,0,1
2013-03-23,-0.4536498564010315,10.0,1.1,-0.4460596466366648,0,0,0,1
2013-03-24,-0.4536498564010315,12.2,0.6,-0.7939261693953747,0,0,0,1
2013-03-25,-0.4536498564010315,16.7,4.4,-0.306913037533181,0,0,0,1
2013-03-26,-0.4536498564010315,16.7,6.1,-1.072219387602343,0,0,0,1
2013-03-27,-0.40872560604843955,13.3,7.2,-1.1417926921540849,0,1,0,0
2013-03-28,-0.1541548540504183,16.1,8.3,-1.3505126058093109,0,1,0,0
2013-03-29,-0.4536498564010315,18.3,7.8,-0.5156329511884069,0,1,0,0
2013-03-30,-0.4536498564010315,20.0,5.6,0.8062598352946913,0,0,0,0
2013-03-31,-0.4536498564010315,20.6,6.7,-0.23733973298143896,0,0,0,1
2013-04-01,-0.4536498564010315,17.2,8.3,0.24967339888075515,0,0,0,1
2013-04-02,-0.4536498564010315,13.9,8.9,-0.7243528648436327,0,0,0,1
2013-04-03,-0.4536498564010315,16.7,7.8,-1.1417926921540849,0,0,0,1
2013-04-04,0.804229153471544,14.4,10.0,-0.16776642842969688,0,1,0,0
2013-04-05,2.3166789153421408,13.9,10.0,1.6411394899155947,0,1,0,0
2013-04-06,1.4481434085253624,12.2,7.2,1.223699662605143,0,1,0,0
2013-04-07,5.401477439553457,8.3,5.0,0.45839331253598103,0,1,0,0
2013-04-08,-0.3338518554607862,13.3,6.1,-0.09819312387795483,0,1,0,0
2013-04-09,-0.4536498564010315,12.2,6.1,-0.585206255740149,0,0,0,1
2013-04-10,0.9539766546468507,15.0,8.9,2.197725926329531,0,1,0,0
2013-04-11,-0.2290286046380716,12.2,6.7,0.38882000798423894,0,1,0,0
2013-04-12,0.9989009049994425,7.8,4.4,0.9454064443981748,0,1,0,0
2013-04-13,0.9539766546468507,10.6,3.3,1.710712794467337,0,1,0,0
2013-04-14,0.4148856504157468,12.8,4.4,-0.654779560291891,0,1,0,0
2013-04-15,-0.4536498564010315,13.9,4.4,-0.585206255740149,1,0,0,0
2013-04-16,-0.40872560604843955,13.9,3.3,-0.4460596466366648,0,1,0,0
2013-04-17,-0.4536498564010315,15.0,3.9,0.040953485225528975,0,0,0,0
2013-04-18,0.3400118998280935,11.7,6.7,0.5279666170877231,0,1,0,0
2013-04-19,2.6311486678102844,13.3,9.4,1.1541263580534014,0,1,0,0
2013-04-20,-0.4536498564010315,13.9,8.3,1.780286099019079,0,0,0,1
2013-04-21,0.04051689747748028,12.2,6.7,0.5975399216394648,0,1,0,0
2013-04-22,-0.4536498564010315,16.1,5.0,0.736686530742949,0,0,0,1
2013-04-23,-0.4536498564010315,17.8,3.9,-0.306913037533181,0,0,0,1
2013-04-24,-0.4536498564010315,21.1,6.1,-0.16776642842969688,0,0,0,1
2013-04-25,-0.4536498564010315,21.7,6.7,-1.4896592149127947,0,0,0,1
2013-04-26,-0.4536498564010315,20.6,8.3,-0.7243528648436327,1,0,0,0
2013-04-27,-0.4536498564010315,13.9,10.6,1.8498594035708211,0,0,0,1
2013-04-28,-0.3039023552257249,15.0,9.4,1.3628462717086272,0,1,0,0
2013-04-29,0.11539064806513359,13.9,6.7,0.6671132261912072,0,1,0,0
2013-04-30,-0.4536498564010315,12.8,4.4,-0.585206255740149,0,0,0,1
2013-05-01,-0.4536498564010315,18.3,3.3,-0.09819312387795483,0,0,0,1
2013-05-02,-0.4536498564010315,20.6,6.7,0.5279666170877231,0,0,0,1
2013-05-03,-0.4536498564010315,21.7,9.4,1.1541263580534014,0,0,0,1
2013-05-04,-0.4536498564010315,25.0,11.1,2.267299230881273,0,0,0,1
2013-05-05,-0.4536498564010315,28.9,11.7,1.4324195762603689,0,0,0,1
2013-05-06,-0.4536498564010315,30.6,12.2,-0.8634994739471168,0,0,0,1
2013-05-07,-0.4536498564010315,20.6,11.1,0.040953485225528975,0,0,0,1
2013-05-08,-0.4536498564010315,19.4,11.1,-0.933072778498859,0,0,0,1
2013-05-09,-0.4536498564010315,22.8,10.0,-1.3505126058093109,0,0,0,1
2013-05-10,-0.4536498564010315,26.1,9.4,-1.559232519464537,0,0,0,1
2013-05-11,-0.4536498564010315,27.2,12.2,-0.4460596466366648,0,0,0,1
2013-05-12,0.534683651355992,21.7,13.9,0.45839331253598103,0,1,0,0
2013-05-13,0.04051689747748028,18.9,9.4,1.223699662605143,0,1,0,0
2013-05-14,-0.4536498564010315,18.3,7.8,-0.585206255740149,0,0,0,1
2013-05-15,-0.3039023552257249,17.2,8.9,-0.654779560291891,0,1,0,0
2013-05-16,-0.4536498564010315,21.7,12.2,-0.37648634208492276,1,0,0,0
2013-05-17,-0.37877610581337817,17.2,11.7,0.3192467034324972,0,1,0,0
2013-05-18,-0.4536498564010315,16.7,11.1,-0.23733973298143896,0,0,0,1
2013-05-19,-0.4536498564010315,18.3,10.6,-0.654779560291891,0,0,0,1
2013-05-20,-0.4536498564010315,19.4,9.4,-1.0026460830506008,0,0,0,1
2013-05-21,1.5978909097006688,15.6,8.3,1.084553053501659,0,1,0,0
2013-05-22,1.5978909097006688,11.1,7.2,-0.16776642842969688,0,1,0,0
2013-05-23,0.16031489841772553,12.2,6.7,-0.933072778498859,0,1,0,0
2013-05-24,-0.40872560604843955,16.7,8.9,-0.37648634208492276,0,1,0,0
2013-05-25,-0.4536498564010315,17.8,10.0,-0.37648634208492276,0,0,0,1
2013-05-26,-0.2290286046380716,18.3,10.6,-0.7243528648436327,0,1,0,0
2013-05-27,0.9989009049994425,16.7,11.1,-0.09819312387795483,0,1,0,0
2013-05-28,-0.37877610581337817,17.2,11.7,-0.306913037533181,0,1,0,0
2013-05-29,0.38493615018068544,16.1,9.4,0.5279666170877231,0,1,0,0
2013-05-30,-0.4536498564010315,16.7,9.4,1.4324195762603689,0,0,0,1
2013-05-31,-0.4536498564010315,19.4,11.1,-0.5156329511884069,0,0,0,1
2013-06-01,-0.4536498564010315,22.8,12.2,-0.5156329511884069,0,0,0,1
2013-06-02,-0.3039023552257249,20.6,12.2,-0.09819312387795483,0,1,0,0
2013-06-03,-0.4536498564010315,22.2,11.1,-0.23733973298143896,0,0,0,1
2013-06-04,-0.4536498564010315,26.1,12.2,0.11052678977727104,0,0,0,1
2013-06-05,-0.4536498564010315,26.7,14.4,-0.09819312387795483,0,0,0,1
2013-06-06,-0.4536498564010315,26.7,12.2,-0.5156329511884069,0,0,0,1
2013-06-07,-0.4536498564010315,21.7,13.3,-0.02861981932621277,0,0,0,1
2013-06-08,-0.4536498564010315,20.6,12.8,-0.09819312387795483,0,0,0,1
2013-06-09,-0.4536498564010315,20.6,11.1,0.3192467034324972,0,0,0,1
2013-06-10,-0.4536498564010315,21.7,11.7,-0.02861981932621277,0,0,0,1
2013-06-11,-0.4536498564010315,20.0,10.0,1.710712794467337,0,0,0,1
2013-06-12,-0.40872560604843955,20.6,11.7,0.6671132261912072,0,1,0,0
2013-06-13,-0.4536498564010315,21.1,11.7,-0.4460596466366648,0,0,0,1
2013-06-14,-0.4536498564010315,20.0,12.2,0.3192467034324972,0,0,0,1
2013-06-15,-0.4536498564010315,25.6,10.0,-0.23733973298143896,0,0,0,1
2013-06-16,-0.4536498564010315,23.9,12.8,0.11052678977727104,0,0,0,1
2013-06-17,-0.4536498564010315,25.6,13.9,-0.16776642842969688,0,0,0,1
2013-06-18,-0.40872560604843955,23.3,13.3,0.11052678977727104,0,1,0,0
2013-06-19,-0.4536498564010315,20.0,12.8,0.3192467034324972,0,0,0,1
2013-06-20,-0.004407352875111673,17.2,12.8,1.223699662605143,0,1,0,0
2013-06-21,-0.40872560604843955,20.6,12.2,-1.2113659967058268,0,1,0,0
2013-06-22,-0.4536498564010315,25.6,11.7,-1.072219387602343,0,0,0,1
2013-06-23,0.7293554028838908,22.2,15.0,-0.7939261693953747,0,1,0,0
2013-06-24,0.2651381492404402,21.1,13.9,0.3192467034324972,0,1,0,0
2013-06-25,1.028850405234504,23.3,14.4,-0.306913037533181,0,1,0,0
2013-06-26,-0.1541548540504183,22.2,15.0,-0.654779560291891,0,1,0,0
2013-06-27,0.0854411478300723,21.1,16.7,-1.3505126058093109,0,1,0,0
2013-06-28,-0.4536498564010315,30.6,16.1,-0.7243528648436327,0,0,0,1
2013-06-29,-0.4536498564010315,30.0,18.3,-1.072219387602343,0,0,0,1
2013-06-30,-0.4536498564010315,33.9,17.2,-0.5156329511884069,0,0,0,1
2013-07-01,-0.4536498564010315,31.7,18.3,-0.654779560291891,0,0,0,1
2013-07-02,-0.4536498564010315,28.3,15.6,-0.16776642842969688,0,0,0,1
2013-07-03,-0.4536498564010315,26.1,16.7,-0.02861981932621277,0,0,0,1
2013-07-04,-0.4536498564010315,21.7,13.9,-0.7243528648436327,1,0,0,0
2013-07-05,-0.4536498564010315,23.3,13.9,-0.4460596466366648,0,0,0,1
2013-07-06,-0.4536498564010315,26.1,13.3,-0.7243528648436327,0,0,0,1
2013-07-07,-0.4536498564010315,23.9,13.9,-0.23733973298143896,0,0,0,1
2013-07-08,-0.4536498564010315,26.7,13.3,-0.306913037533181,0,0,0,1
2013-07-09,-0.4536498564010315,30.0,15.0,-0.5156329511884069,0,0,0,1
2013-07-10,-0.4536498564010315,22.2,13.9,-0.4460596466366648,0,0,0,1
2013-07-11,-0.4536498564010315,22.8,12.2,-0.16776642842969688,0,0,0,1
2013-07-12,-0.4536498564010315,19.4,13.3,-0.7243528648436327,0,0,0,1
2013-07-13,-0.4536498564010315,26.1,11.1,-0.09819312387795483,0,0,0,1
2013-07-14,-0.4536498564010315,27.8,12.8,-0.16776642842969688,0,0,0,1
2013-07-15,-0.4536498564010315,27.8,14.4,0.9454064443981748,0,0,0,1
2013-07-16,-0.4536498564010315,31.1,18.3,0.5975399216394648,0,0,0,1
2013-07-17,-0.4536498564010315,22.2,15.0,0.3192467034324972,0,0,0,1
2013-07-18,-0.4536498564010315,26.1,13.9,-0.8634994739471168,0,0,0,1
2013-07-19,-0.4536498564010315,27.8,13.3,-0.933072778498859,0,0,0,1
2013-07-20,-0.4536498564010315,25.0,13.3,-0.8634994739471168,0,0,0,1
2013-07-21,-0.4536498564010315,23.9,12.8,-0.654779560291891,0,0,0,1
2013-07-22,-0.4536498564010315,26.1,13.3,-0.585206255740149,1,0,0,0
2013-07-23,-0.4536498564010315,31.1,13.9,-0.16776642842969688,0,0,0,1
2013-07-24,-0.4536498564010315,31.1,14.4,-0.5156329511884069,0,0,0,1
2013-07-25,-0.4536498564010315,31.1,12.8,-0.654779560291891,0,0,0,1
2013-07-26,-0.4536498564010315,31.1,14.4,-0.23733973298143896,0,0,0,1
2013-07-27,-0.4536498564010315,25.6,12.8,-0.4460596466366648,0,0,0,1
2013-07-28,-0.4536498564010315,21.1,12.2,0.11052678977727104,1,0,0,0
2013-07-29,-0.4536498564010315,25.0,13.3,-1.280939301257569,0,0,0,1
2013-07-30,-0.4536498564010315,25.0,13.3,-0.306913037533181,0,0,0,1
2013-07-31,-0.4536498564010315,21.7,13.3,-1.0026460830506008,0,0,0,1
2013-08-01,-0.4536498564010315,20.6,13.3,0.45839331253598103,0,0,0,1
2013-08-02,-0.1541548540504183,17.2,15.0,-0.8634994739471168,0,1,0,0
2013-08-03,-0.4536498564010315,25.0,15.6,-0.585206255740149,1,0,0,0
2013-08-04,-0.4536498564010315,28.9,15.0,0.11052678977727104,0,0,0,1
2013-08-05,-0.4536498564010315,30.0,15.0,-0.7939261693953747,0,0,0,1
2013-08-06,-0.4536498564010315,30.6,13.9,-1.280939301257569,0,0,0,1
2013-08-07,-0.4536498564010315,31.1,13.9,-0.933072778498859,0,0,0,1
2013-08-08,-0.4536498564010315,28.3,14.4,-0.5156329511884069,0,0,0,1
2013-08-09,-0.4536498564010315,28.3,14.4,-0.7939261693953747,0,0,0,1
2013-08-10,-0.10923060369782632,25.6,15.0,-0.23733973298143896,0,1,0,0
2013-08-11,-0.4536498564010315,25.0,14.4,-0.23733973298143896,0,0,0,1
2013-08-12,-0.4536498564010315,25.6,16.1,-0.933072778498859,0,0,0,1
2013-08-13,-0.4536498564010315,27.8,15.0,-1.0026460830506008,0,0,0,1
2013-08-14,-0.3338518554607862,27.2,15.0,-0.8634994739471168,0,1,0,0
2013-08-15,-0.18410435428547958,21.1,17.2,-1.559232519464537,0,1,0,0
2013-08-16,-0.4536498564010315,28.9,16.1,-0.7243528648436327,1,0,0,0
2013-08-17,-0.4536498564010315,25.6,17.2,-0.16776642842969688,0,0,0,1
2013-08-18,-0.4536498564010315,26.1,15.6,-0.09819312387795483,0,0,0,1
2013-08-19,-0.4536498564010315,26.7,15.6,-0.16776642842969688,0,0,0,1
2013-08-20,-0.4536498564010315,25.6,16.1,0.9454064443981748,0,0,0,1
2013-08-21,-0.4536498564010315,27.8,15.0,0.736686530742949,0,0,0,1
2013-08-22,-0.4536498564010315,28.9,15.0,-0.933072778498859,0,0,0,1
2013-08-23,-0.4536498564010315,25.0,16.1,0.5975399216394648,0,0,0,1
2013-08-24,-0.4536498564010315,25.0,16.7,-0.37648634208492276,0,0,0,1
2013-08-25,-0.40872560604843955,22.2,16.1,-0.4460596466366648,0,1,0,0
2013-08-26,-0.3039023552257249,24.4,16.1,-0.933072778498859,0,1,0,0
2013-08-27,-0.2589781048731329,26.7,17.2,-1.280939301257569,0,1,0,0
2013-08-28,0.38493615018068544,26.7,15.6,-1.3505126058093109,0,1,0,0
2013-08-29,2.4364769162823863,23.9,18.3,-0.16776642842969688,0,1,0,0
2013-08-30,-0.4536498564010315,26.1,16.1,-0.23733973298143896,0,0,0,1
2013-08-31,-0.4536498564010315,27.8,13.9,-0.4460596466366648,0,0,0,1
2013-09-01,-0.4536498564010315,27.8,15.6,-0.5156329511884069,0,0,0,1
2013-09-02,-0.4536498564010315,27.8,17.2,-0.7939261693953747,0,0,0,1
2013-09-03,-0.10923060369782632,25.0,16.7,-1.072219387602343,0,1,0,0
2013-09-04,-0.40872560604843955,22.8,16.1,-0.585206255740149,0,1,0,0
2013-09-05,3.6943559261549614,20.0,15.6,-0.5156329511884069,0,1,0,0
2013-09-06,2.7359719186329996,21.7,16.1,-0.4460596466366648,0,1,0,0
2013-09-07,-0.4536498564010315,23.3,17.2,-0.8634994739471168,0,0,0,1
2013-09-08,-0.4536498564010315,26.7,14.4,-1.2113659967058268,1,0,0,0
2013-09-09,-0.4536498564010315,26.1,13.9,-0.7939261693953747,0,0,0,1
2013-09-10,-0.4536498564010315,26.7,15.0,0.3192467034324972,0,0,0,1
2013-09-11,-0.4536498564010315,33.9,16.1,-0.585206255740149,0,0,0,1
2013-09-12,-0.4536498564010315,25.6,15.0,-1.072219387602343,0,0,0,1
2013-09-13,-0.4536498564010315,18.9,15.6,-0.8634994739471168,0,0,0,1
2013-09-14,-0.4536498564010315,21.7,15.6,-1.280939301257569,1,0,0,0
2013-09-15,0.04051689747748028,18.9,14.4,-0.7243528648436327,0,1,0,0
2013-09-16,-0.40872560604843955,21.7,15.0,0.736686530742949,0,1,0,0
2013-09-17,-0.4536498564010315,17.8,13.9,-0.654779560291891,0,0,0,1
2013-09-18,-0.4536498564010315,21.1,13.3,-0.5156329511884069,0,0,0,1
2013-09-19,-0.4536498564010315,25.6,10.0,-1.2113659967058268,0,0,0,1
2013-09-20,0.0854411478300723,23.3,13.3,-0.16776642842969688,0,1,0,0
2013-09-21,-0.4536498564010315,21.1,13.3,-0.5156329511884069,0,0,0,1
2013-09-22,1.5679414094656077,17.2,13.3,1.571566185363853,0,1,0,0
2013-09-23,-0.03435685311017302,16.1,11.1,0.8758331398464331,0,1,0,0
2013-09-24,-0.4536498564010315,17.8,10.0,-0.4460596466366648,0,0,0,1
2013-09-25,-0.1541548540504183,16.1,9.4,-0.16776642842969688,0,1,0,0
2013-09-26,-0.4536498564010315,17.2,7.2,-0.7243528648436327,0,0,0,1
2013-09-27,-0.3039023552257249,13.9,10.6,0.736686530742949,0,1,0,0
2013-09-28,6.045391694607274,16.7,11.7,1.919432708122563,0,1,0,0
2013-09-29,2.0621081633441194,14.4,11.1,2.6847390581917248,0,1,0,0
2013-09-30,2.3166789153421408,13.9,10.0,2.128152621777789,0,1,0,0
2013-10-01,0.7293554028838908,14.4,8.9,1.0149797489499173,0,1,0,0
2013-10-02,0.3400118998280935,12.8,9.4,-0.585206255740149,0,1,0,0
2013-10-03,-0.3338518554607862,14.4,8.9,-1.6288058240162788,0,1,0,0
2013-10-04,-0.4536498564010315,17.8,5.6,-1.4896592149127947,0,0,0,1
2013-10-05,-0.4536498564010315,20.0,8.3,-1.1417926921540849,0,0,0,1
2013-10-06,0.16031489841772553,22.8,7.8,-0.4460596466366648,0,1,0,0
2013-10-07,-0.37877610581337817,16.1,11.7,2.128152621777789,0,1,0,0
2013-10-08,0.5796079017085841,13.9,7.8,-0.16776642842969688,0,1,0,0
2013-10-09,-0.4536498564010315,15.0,5.6,-1.1417926921540849,0,0,0,1
2013-10-10,-0.3039023552257249,14.4,8.3,-1.072219387602343,0,1,0,0
2013-10-11,0.9090524042942586,13.9,10.6,-1.559232519464537,0,1,0,0
2013-10-12,-0.3039023552257249,14.4,8.9,-0.7243528648436327,0,1,0,0
2013-10-13,-0.4536498564010315,15.0,6.7,-1.0026460830506008,1,0,0,0
2013-10-14,-0.4536498564010315,15.6,3.9,-1.1417926921540849,0,0,0,1
2013-10-15,-0.4536498564010315,15.6,5.0,-1.6288058240162788,0,0,0,1
2013-10-16,-0.4536498564010315,12.8,8.9,-0.37648634208492276,1,0,0,0
2013-10-17,-0.4536498564010315,14.4,8.9,-1.072219387602343,1,0,0,0
2013-10-18,-0.4536498564010315,12.8,7.2,-1.4200859103610526,0,0,0,1
2013-10-19,-0.4536498564010315,10.6,7.8,-1.280939301257569,0,0,0,1
2013-10-20,-0.4536498564010315,10.6,7.8,-0.585206255740149,0,0,0,1
2013-10-21,-0.4536498564010315,11.7,8.3,-0.5156329511884069,0,0,0,1
2013-10-22,-0.4536498564010315,14.4,7.2,-0.933072778498859,0,0,0,1
2013-10-23,-0.4536498564010315,12.8,6.1,-1.976672346774989,0,0,0,1
2013-10-24,-0.4536498564010315,10.0,6.1,-1.8375257376715046,0,0,0,1
2013-10-25,-0.4536498564010315,12.2,7.8,-1.0026460830506008,0,0,0,1
2013-10-26,-0.4536498564010315,11.7,8.3,-0.37648634208492276,0,0,0,1
2013-10-27,-0.18410435428547958,13.9,8.3,0.8062598352946913,0,1,0,0
2013-10-28,-0.4536498564010315,14.4,7.2,1.2932729671568848,0,0,0,1
2013-10-29,-0.4536498564010315,13.3,3.3,-0.7243528648436327,0,0,0,1
2013-10-30,-0.37877610581337817,15.0,5.6,0.45839331253598103,0,1,0,0
2013-10-31,-0.40872560604843955,14.4,10.6,-0.7243528648436327,0,1,0,0
2013-11-01,-0.2589781048731329,17.8,11.7,-1.280939301257569,0,1,0,0
2013-11-02,1.4481434085253624,14.4,8.3,3.241325494605661,0,1,0,0
2013-11-03,-0.37877610581337817,12.2,4.4,-0.585206255740149,0,1,0,0
2013-11-04,-0.4536498564010315,10.6,3.9,-1.1417926921540849,0,0,0,0
2013-11-05,-0.07928110346276497,13.3,7.2,-0.09819312387795483,0,1,0,0
2013-11-06,0.11539064806513359,12.8,7.8,-1.072219387602343,0,1,0,0
2013-11-07,4.038775178858167,11.1,10.0,2.754312362743467,0,1,0,0
2013-11-08,-0.4536498564010315,13.3,7.2,0.5975399216394648,0,0,0,1
2013-11-09,-0.18410435428547958,11.1,5.0,-1.280939301257569,0,1,0,0
2013-11-10,-0.4536498564010315,11.1,8.3,0.8062598352946913,0,0,0,1
2013-11-11,-0.4536498564010315,16.1,6.1,-0.4460596466366648,1,0,0,0
2013-11-12,0.16031489841772553,15.6,8.9,-0.7243528648436327,0,1,0,0
2013-11-13,-0.4536498564010315,13.9,10.6,0.38882000798423894,0,0,0,1
2013-11-14,-0.2589781048731329,11.1,6.1,-1.4896592149127947,0,1,0,0
2013-11-15,-0.004407352875111673,10.6,7.2,1.919432708122563,0,1,0,0
2013-11-16,-0.4536498564010315,10.0,5.0,0.9454064443981748,0,0,0,1
2013-11-17,0.3400118998280935,11.7,7.2,1.5019928808121112,0,1,0,0
2013-11-18,3.4697346743920017,12.8,9.4,0.45839331253598103,0,1,0,0
2013-11-19,-0.3039023552257249,13.3,4.4,1.2932729671568848,0,1,0,0
2013-11-20,-0.4536498564010315,7.8,1.7,0.736686530742949,0,0,0,1
2013-11-21,-0.4536498564010315,7.8,-0.5,0.24967339888075515,0,0,0,1
2013-11-22,-0.4536498564010315,9.4,0.0,0.9454064443981748,0,0,0,1
2013-11-23,-0.4536498564010315,11.1,1.1,-0.4460596466366648,0,0,0,1
2013-11-24,-0.4536498564010315,11.7,0.6,-1.6288058240162788,1,0,0,0
2013-11-25,-0.4536498564010315,12.2,2.2,-1.9070990422232468,0,0,0,1
2013-11-26,-0.4536498564010315,12.2,2.8,-1.559232519464537,0,0,0,1
2013-11-27,-0.4536498564010315,14.4,5.6,-1.3505126058093109,0,0,0,1
2013-11-28,-0.4536498564010315,11.7,3.3,-1.7679524331197627,0,0,0,1
2013-11-29,-0.37877610581337817,9.4,5.0,-0.7939261693953747,0,1,0,0
2013-11-30,-0.10923060369782632,11.1,7.2,0.45839331253598103,0,1,0,0
2013-12-01,-0.004407352875111673,13.3,7.8,3.867485235571339,0,1,0,0
2013-12-02,0.23518864900537884,7.8,1.7,0.18010009432901308,0,1,0,0
2013-12-03,-0.4536498564010315,5.0,-0.5,1.6411394899155947,0,0,0,1
2013-12-04,-0.4536498564010315,4.4,-2.1,-1.1417926921540849,0,0,0,1
2013-12-05,-0.4536498564010315,1.1,-4.9,-0.4460596466366648,0,0,0,1
2013-12-06,-0.4536498564010315,1.1,-4.3,1.0149797489499173,0,0,0,1
2013-12-07,-0.4536498564010315,0.0,-7.1,-0.09819312387795483,0,0,0,1
2013-12-08,-0.4536498564010315,2.2,-6.6,-0.7243528648436327,0,0,0,1
2013-12-09,-0.4536498564010315,1.1,-4.9,-1.3505126058093109,0,0,0,1
2013-12-10,-0.4536498564010315,5.6,0.6,-1.2113659967058268,0,0,0,1
2013-12-11,-0.4536498564010315,5.0,-1.6,-1.698379128568021,0,0,0,1
2013-12-12,0.5796079017085841,5.6,-0.5,-0.654779560291891,0,1,0,0
2013-12-13,-0.37877610581337817,9.4,5.6,-0.23733973298143896,0,1,0,0
2013-12-14,-0.4536498564010315,9.4,6.1,0.3192467034324972,0,0,0,1
2013-12-15,-0.2589781048731329,11.7,8.3,0.45839331253598103,0,1,0,0
2013-12-16,-0.40872560604843955,10.0,4.4,-1.559232519464537,0,1,0,0
2013-12-17,-0.4536498564010315,8.3,4.4,-0.37648634208492276,0,0,0,1
2013-12-18,-0.2589781048731329,7.8,2.2,-0.306913037533181,0,1,0,0
2013-12-19,-0.4536498564010315,5.0,0.0,-0.7939261693953747,0,0,0,1
2013-12-20,0.38493615018068544,8.3,0.6,0.3192467034324972,0,0,1,0
2013-12-21,0.38493615018068544,8.9,5.6,-0.654779560291891,0,1,0,0
2013-12-22,1.148648406174749,10.6,8.3,0.5279666170877231,0,1,0,0
2013-12-23,-0.2290286046380716,11.7,6.1,1.8498594035708211,0,1,0,0
2013-12-24,-0.4536498564010315,8.3,2.8,-1.072219387602343,0,0,0,1
2013-12-25,-0.4536498564010315,6.7,1.7,-1.698379128568021,0,0,0,1
2013-12-26,-0.4536498564010315,6.7,0.6,-1.9070990422232468,0,0,0,1
2013-12-27,-0.40872560604843955,8.9,0.0,-0.7939261693953747,0,1,0,0
2013-12-28,-0.4536498564010315,9.4,3.3,-1.3505126058093109,0,0,0,1
2013-12-29,-0.4536498564010315,7.2,1.7,-1.4896592149127947,0,0,0,1
2013-12-30,-0.40872560604843955,8.9,4.4,-0.4460596466366648,0,1,0,0
2013-12-31,-0.37877610581337817,8.3,5.0,-1.072219387602343,0,1,0,0
2014-01-01,-0.4536498564010315,7.2,3.3,-1.4200859103610526,0,0,0,1
2014-01-02,0.16031489841772553,10.6,6.1,-0.02861981932621277,0,1,0,0
2014-01-03,-0.2290286046380716,8.9,2.8,-0.4460596466366648,0,1,0,0
2014-01-04,-0.4536498564010315,7.8,0.6,-0.37648634208492276,1,0,0,0
2014-01-05,-0.4536498564010315,8.3,-0.5,0.3192467034324972,0,0,0,1
2014-01-06,-0.40872560604843955,7.8,-0.5,-0.4460596466366648,0,1,0,0
2014-01-07,1.373269657937709,8.3,5.0,-1.1417926921540849,0,1,0,0
2014-01-08,0.9989009049994425,10.0,7.2,0.9454064443981748,0,1,0,0
2014-01-09,0.4148856504157468,9.4,5.6,2.128152621777789,0,1,0,0
2014-01-10,0.19026439865278688,12.8,8.3,2.615165753639983,0,1,0,0
2014-01-11,2.7359719186329996,14.4,7.2,3.867485235571339,0,1,0,0
2014-01-12,-0.2290286046380716,11.1,5.6,3.3804721037091445,0,1,0,0
2014-01-13,-0.4536498564010315,10.6,10.0,2.6847390581917248,0,0,0,1
2014-01-14,-0.4536498564010315,11.1,7.2,-1.3505126058093109,0,0,0,1
2014-01-15,-0.4536498564010315,11.1,5.6,-0.5156329511884069,0,0,0,1
2014-01-16,-0.4536498564010315,6.7,4.4,-0.37648634208492276,0,0,0,1
2014-01-17,-0.4536498564010315,5.6,2.8,-0.654779560291891,0,0,0,1
2014-01-18,-0.4536498564010315,9.4,0.6,-0.7243528648436327,0,0,0,1
2014-01-19,-0.4536498564010315,6.1,3.3,-0.5156329511884069,0,0,0,1
2014-01-20,-0.4536498564010315,10.0,2.8,-0.7243528648436327,0,0,0,1
2014-01-21,-0.4536498564010315,10.0,1.7,-1.2113659967058268,0,0,0,1
2014-01-22,-0.37877610581337817,9.4,5.6,-0.4460596466366648,0,1,0,0
2014-01-23,-0.4536498564010315,10.0,2.8,1.3628462717086272,1,0,0,0
2014-01-24,-0.4536498564010315,12.8,1.1,-0.933072778498859,0,0,0,1
2014-01-25,-0.4536498564010315,12.2,1.1,-1.698379128568021,0,0,0,1
2014-01-26,-0.4536498564010315,8.3,0.6,-1.3505126058093109,0,0,0,1
2014-01-27,-0.4536498564010315,9.4,1.7,-1.3505126058093109,0,0,0,1
2014-01-28,0.8791029040591973,11.1,6.1,-1.1417926921540849,0,1,0,0
2014-01-29,2.780896168985591,11.1,7.2,0.11052678977727104,0,1,0,0
2014-01-30,-0.4536498564010315,8.3,6.1,2.197725926329531,0,0,0,1
2014-01-31,-0.10923060369782632,7.8,5.6,-0.4460596466366648,0,1,0,0
2014-02-01,-0.1541548540504183,7.8,2.8,-1.698379128568021,0,1,0,0
2014-02-02,-0.4536498564010315,8.9,1.1,-0.5156329511884069,0,0,0,1
2014-02-03,-0.4536498564010315,5.0,0.0,0.736686530742949,0,0,0,1
2014-02-04,-0.4536498564010315,2.8,-2.1,1.0149797489499173,0,0,0,1
2014-02-05,-0.4536498564010315,-0.5,-5.5,2.336872535433015,0,0,0,1
2014-02-06,-0.4536498564010315,-1.6,-6.0,0.8758331398464331,0,0,0,1
2014-02-07,-0.4536498564010315,3.3,-4.9,0.6671132261912072,0,0,0,1
2014-02-08,0.31006239959303217,5.6,-0.5,0.9454064443981748,0,0,1,0
2014-02-09,-0.37877610581337817,3.9,0.0,-0.585206255740149,0,1,0,0
2014-02-10,2.2867294151070796,10.0,2.2,1.0149797489499173,0,1,0,0
2014-02-11,2.092057663579181,12.2,5.6,0.38882000798423894,0,1,0,0
2014-02-12,0.23518864900537884,12.2,7.2,2.197725926329531,0,1,0,0
2014-02-13,-0.18410435428547958,12.8,7.8,2.128152621777789,0,1,0,0
2014-02-14,0.9539766546468507,11.7,6.1,2.197725926329531,0,1,0,0
2014-02-15,1.2983959073500557,11.1,5.0,1.2932729671568848,0,1,0,0
2014-02-16,3.4996841746270624,9.4,3.9,3.241325494605661,0,1,0,0
2014-02-17,1.7176889106409143,8.3,4.4,1.571566185363853,0,1,0,0
2014-02-18,1.8225121614636288,8.9,5.0,2.058579317226047,0,1,0,0
2014-02-19,-0.3039023552257249,8.3,3.9,1.919432708122563,0,1,0,0
2014-02-20,-0.004407352875111673,10.0,5.6,2.5455924490882413,0,1,0,0
2014-02-21,-0.03435685311017302,6.7,3.9,-0.23733973298143896,0,1,0,0
2014-02-22,-0.07928110346276497,5.6,2.8,-0.09819312387795483,0,1,0,0
2014-02-23,0.4598099007683388,7.2,3.9,-0.4460596466366648,0,1,0,0
2014-02-24,1.4930676588779543,6.7,3.3,-0.02861981932621277,0,1,0,0
2014-02-25,-0.40872560604843955,12.2,3.9,0.8758331398464331,0,1,0,0
2014-02-26,-0.4536498564010315,13.9,5.6,-0.5156329511884069,0,0,0,1
2014-02-27,-0.4536498564010315,12.8,4.4,-0.654779560291891,0,0,0,1
2014-02-28,-0.4536498564010315,14.4,4.4,1.8498594035708211,0,0,0,1
2014-03-01,-0.37877610581337817,7.2,4.4,1.0149797489499173,0,1,0,0
2014-03-02,2.4065274160473247,11.1,2.8,1.710712794467337,0,1,0,0
2014-03-03,1.148648406174749,14.4,8.9,1.2932729671568848,0,1,0,0
2014-03-04,2.0171839129915274,13.9,7.8,0.45839331253598103,0,1,0,0
2014-03-05,6.539558448485787,15.6,10.6,0.45839331253598103,0,1,0,0
2014-03-06,-0.004407352875111673,13.3,10.0,2.058579317226047,0,1,0,0
2014-03-07,-0.4536498564010315,15.6,8.9,0.6671132261912072,0,0,0,1
2014-03-08,4.383194431561371,12.8,6.7,-0.37648634208492276,0,1,0,0
2014-03-09,0.19026439865278688,15.0,9.4,0.736686530742949,0,1,0,0
2014-03-10,2.3616031656947327,12.2,6.1,-0.7243528648436327,0,1,0,0
2014-03-11,-0.4536498564010315,14.4,4.4,-0.654779560291891,1,0,0,0
2014-03-12,-0.4536498564010315,16.1,3.3,-0.933072778498859,1,0,0,0
2014-03-13,-0.37877610581337817,13.9,5.0,-0.5156329511884069,0,1,0,0
2014-03-14,0.5796079017085841,14.4,8.3,1.9890060126743048,0,1,0,0
2014-03-15,0.7593049031189519,16.7,4.4,-0.16776642842969688,0,1,0,0
2014-03-16,3.6943559261549614,10.6,4.4,0.38882000798423894,0,1,0,0
2014-03-17,-0.40872560604843955,10.0,2.8,-0.02861981932621277,0,1,0,0
2014-03-18,-0.4536498564010315,10.0,3.3,-1.1417926921540849,0,0,0,1
2014-03-19,-0.37877610581337817,11.1,3.3,1.2932729671568848,0,1,0,0
2014-03-20,-0.4536498564010315,11.1,1.7,-0.16776642842969688,0,0,0,1
2014-03-21,-0.4536498564010315,10.6,2.8,0.38882000798423894,0,0,0,1
2014-03-22,-0.4536498564010315,11.1,1.1,-1.0026460830506008,0,0,0,1
2014-03-23,-0.4536498564010315,12.8,4.4,0.040953485225528975,0,0,0,1
2014-03-24,-0.4536498564010315,18.9,2.8,-0.7243528648436327,0,0,0,1
2014-03-25,0.16031489841772553,13.9,6.7,0.8062598352946913,0,1,0,0
2014-03-26,0.0854411478300723,11.1,5.6,-0.585206255740149,0,1,0,0
2014-03-27,-0.40872560604843955,12.2,6.7,-0.306913037533181,0,1,0,0
2014-03-28,2.855769919573244,11.7,7.2,0.45839331253598103,0,1,0,0
2014-03-29,1.642815160053261,11.7,7.2,1.2932729671568848,0,1,0,0
2014-03-30,-0.4536498564010315,11.1,5.0,1.2932729671568848,0,0,0,1
2014-03-31,-0.4536498564010315,15.6,2.2,0.38882000798423894,0,0,0,1
2014-04-01,-0.4536498564010315,14.4,6.7,-0.306913037533181,0,0,0,1
2014-04-02,-0.4536498564010315,14.4,5.6,0.6671132261912072,0,0,0,1
2014-04-03,-0.07928110346276497,13.3,6.1,0.45839331253598103,0,1,0,0
2014-04-04,-0.4536498564010315,12.8,6.1,1.0149797489499173,0,0,0,1
2014-04-05,0.23518864900537884,11.7,7.8,0.736686530742949,0,1,0,0
2014-04-06,-0.4536498564010315,13.9,8.3,-0.4460596466366648,0,0,0,1
2014-04-07,-0.4536498564010315,21.1,9.4,-0.5156329511884069,0,0,0,1
2014-04-08,0.23518864900537884,15.6,8.3,0.6671132261912072,0,1,0,0
2014-04-09,-0.4536498564010315,14.4,6.7,-0.23733973298143896,0,0,0,1
2014-04-10,-0.4536498564010315,15.0,6.7,0.24967339888075515,0,0,0,1
2014-04-11,-0.4536498564010315,17.2,5.0,-0.306913037533181,0,0,0,1
2014-04-12,-0.4536498564010315,16.1,7.8,0.8062598352946913,0,0,0,1
2014-04-13,-0.4536498564010315,20.6,5.6,-0.09819312387795483,0,0,0,1
2014-04-14,-0.4536498564010315,20.0,5.6,-0.4460596466366648,0,0,0,1
2014-04-15,-0.37877610581337817,14.4,7.8,0.5279666170877231,0,1,0,0
2014-04-16,1.1785979064098107,11.1,8.9,0.9454064443981748,0,1,0,0
2014-04-17,2.3166789153421408,11.7,7.2,1.0149797489499173,0,1,0,0
2014-04-18,-0.4536498564010315,14.4,5.6,0.38882000798423894,0,0,0,1
2014-04-19,1.5978909097006688,11.7,5.6,1.0149797489499173,0,1,0,0
2014-04-20,-0.4536498564010315,15.6,5.6,-0.37648634208492276,0,0,0,1
2014-04-21,0.31006239959303217,17.2,7.8,-0.5156329511884069,0,1,0,0
2014-04-22,1.6727646602883222,12.2,5.0,0.6671132261912072,0,1,0,0
2014-04-23,0.8791029040591973,11.7,6.1,1.223699662605143,0,1,0,0
2014-04-24,1.4032191581727704,13.9,6.1,1.4324195762603689,0,1,0,0
2014-04-25,-0.4536498564010315,14.4,5.6,-0.654779560291891,0,0,0,1
2014-04-26,0.04051689747748028,15.0,5.6,0.45839331253598103,0,1,0,0
2014-04-27,0.5796079017085841,11.1,6.1,1.780286099019079,0,1,0,0
2014-04-28,-0.4536498564010315,16.1,4.4,-0.4460596466366648,0,0,0,1
2014-04-29,-0.4536498564010315,25.0,9.4,-0.654779560291891,0,0,0,1
2014-04-30,-0.4536498564010315,27.8,9.4,0.45839331253598103,0,0,0,1
2014-05-01,-0.4536498564010315,29.4,11.1,-0.16776642842969688,0,0,0,1
2014-05-02,-0.4536498564010315,18.3,10.6,1.0149797489499173,0,0,0,1
2014-05-03,4.532941932736677,15.0,8.9,0.11052678977727104,0,1,0,0
2014-05-04,1.942310162403874,14.4,8.9,0.6671132261912072,0,1,0,0
2014-05-05,0.31006239959303217,15.6,9.4,0.38882000798423894,0,1,0,0
2014-05-06,-0.4536498564010315,16.7,8.3,-0.4460596466366648,0,0,0,1
2014-05-07,-0.4536498564010315,18.3,7.2,-1.072219387602343,0,0,0,1
2014-05-08,1.5978909097006688,13.9,9.4,0.11052678977727104,0,1,0,0
2014-05-09,-0.1541548540504183,13.3,7.2,1.6411394899155947,0,1,0,0
2014-05-10,-0.37877610581337817,15.6,7.2,-0.7939261693953747,0,1,0,0
2014-05-11,-0.4536498564010315,18.9,8.3,-1.072219387602343,0,0,0,1
2014-05-12,-0.4536498564010315,24.4,9.4,-0.37648634208492276,0,0,0,1
2014-05-13,-0.4536498564010315,26.7,12.8,0.38882000798423894,0,0,0,1
2014-05-14,-0.4536498564010315,27.8,13.3,0.040953485225528975,0,0,0,1
2014-05-15,-0.4536498564010315,26.7,12.8,-0.16776642842969688,0,0,0,1
2014-05-16,-0.4536498564010315,20.0,11.7,0.5975399216394648,0,0,0,1
2014-05-17,-0.4536498564010315,20.0,11.7,-0.02861981932621277,0,0,0,1
2014-05-18,-0.4536498564010315,20.0,10.6,-0.02861981932621277,0,0,0,1
2014-05-19,-0.4536498564010315,21.1,10.0,-0.7243528648436327,0,0,0,1
2014-05-20,-0.4536498564010315,22.2,10.0,-0.37648634208492276,0,0,0,1
2014-05-21,-0.4536498564010315,20.0,10.6,-1.072219387602343,0,0,0,1
2014-05-22,-0.4536498564010315,24.4,11.7,-0.5156329511884069,0,0,0,1
2014-05-23,0.11539064806513359,20.0,12.8,0.5279666170877231,0,1,0,0
2014-05-24,-0.4536498564010315,18.3,11.1,-0.585206255740149,0,0,0,1
2014-05-25,0.38493615018068544,15.0,10.6,-1.280939301257569,0,1,0,0
2014-05-26,-0.4536498564010315,18.3,11.1,0.8758331398464331,0,0,0,1
2014-05-27,-0.4536498564010315,20.0,10.0,-0.5156329511884069,0,0,0,1
2014-05-28,-0.4536498564010315,18.9,10.0,0.11052678977727104,0,0,0,1
2014-05-29,-0.4536498564010315,18.9,11.1,0.736686530742949,0,0,0,1
2014-05-30,-0.4536498564010315,20.6,8.9,0.8758331398464331,0,0,0,1
2014-05-31,-0.4536498564010315,23.3,10.0,-0.7243528648436327,0,0,0,1
2014-06-01,-0.4536498564010315,22.2,10.6,-0.654779560291891,0,0,0,1
2014-06-02,-0.4536498564010315,23.3,11.1,-0.585206255740149,0,0,0,1
2014-06-03,-0.4536498564010315,18.3,11.1,-0.02861981932621277,0,0,0,1
2014-06-04,-0.4536498564010315,19.4,10.0,-0.4460596466366648,0,0,0,1
2014-06-05,-0.4536498564010315,22.2,10.0,-0.585206255740149,0,0,0,1
2014-06-06,-0.4536498564010315,25.0,10.6,-0.02861981932621277,0,0,0,1
2014-06-07,-0.4536498564010315,24.4,13.3,-0.09819312387795483,0,0,0,1
2014-06-08,-0.4536498564010315,23.3,12.2,-0.7939261693953747,0,0,0,1
2014-06-09,-0.4536498564010315,21.1,13.3,0.24967339888075515,0,0,0,1
2014-06-10,-0.4536498564010315,20.0,12.2,-0.23733973298143896,0,0,0,1
2014-06-11,-0.4536498564010315,23.9,11.1,-0.37648634208492276,0,0,0,1
2014-06-12,-0.18410435428547958,21.7,12.2,0.5279666170877231,0,1,0,0
2014-06-13,0.5047341511209308,15.6,11.1,1.223699662605143,0,1,0,0
2014-06-14,-0.4536498564010315,17.8,11.7,-0.02861981932621277,0,0,0,1
2014-06-15,-0.37877610581337817,18.3,10.0,0.24967339888075515,0,1,0,0
2014-06-16,0.0854411478300723,17.8,8.9,-0.585206255740149,0,1,0,0
2014-06-17,-0.2589781048731329,17.8,10.0,-0.16776642842969688,0,1,0,0
2014-06-18,-0.4536498564010315,18.9,11.1,-0.37648634208492276,0,0,0,1
2014-06-19,-0.3338518554607862,25.6,11.7,0.3192467034324972,0,1,0,0
2014-06-20,-0.40872560604843955,20.0,10.0,0.11052678977727104,0,1,0,0
2014-06-21,-0.4536498564010315,22.2,10.6,0.24967339888075515,0,0,0,1
2014-06-22,-0.4536498564010315,25.0,11.1,-0.37648634208492276,0,0,0,1
2014-06-23,-0.4536498564010315,25.0,13.3,-0.5156329511884069,0,0,0,1
2014-06-24,-0.4536498564010315,24.4,14.4,-0.5156329511884069,0,0,0,1
2014-06-25,-0.4536498564010315,26.1,13.9,-0.585206255740149,0,0,0,1
2014-06-26,-0.4536498564010315,21.1,14.4,0.5975399216394648,0,0,0,1
2014-06-27,-0.18410435428547958,21.1,13.9,0.8758331398464331,0,1,0,0
2014-06-28,-0.10923060369782632,20.0,13.3,0.736686530742949,0,1,0,0
2014-06-29,-0.4536498564010315,20.6,12.8,-0.02861981932621277,0,0,0,1
2014-06-30,-0.4536498564010315,25.6,12.8,0.8062598352946913,0,0,0,1
2014-07-01,-0.4536498564010315,34.4,15.6,0.18010009432901308,0,0,0,1
2014-07-02,-0.4536498564010315,27.2,14.4,0.24967339888075515,0,0,0,1
2014-07-03,-0.4536498564010315,21.7,13.9,-0.09819312387795483,0,0,0,1
2014-07-04,-0.4536498564010315,23.9,13.9,0.24967339888075515,0,0,0,1
2014-07-05,-0.4536498564010315,24.4,13.3,-0.7243528648436327,1,0,0,0
2014-07-06,-0.4536498564010315,28.9,15.0,-0.16776642842969688,0,0,0,1
2014-07-07,-0.4536498564010315,27.2,17.8,0.5975399216394648,1,0,0,0
2014-07-08,-0.4536498564010315,30.0,15.6,0.18010009432901308,0,0,0,1
2014-07-09,-0.4536498564010315,26.7,13.9,-0.654779560291891,0,0,0,1
2014-07-10,-0.4536498564010315,28.9,12.8,-0.7243528648436327,1,0,0,0
2014-07-11,-0.4536498564010315,31.1,15.0,-0.7243528648436327,0,0,0,1
2014-07-12,-0.4536498564010315,32.2,16.7,-0.7243528648436327,0,0,0,1
2014-07-13,-0.4536498564010315,29.4,15.0,-0.4460596466366648,0,0,0,1
2014-07-14,-0.4536498564010315,27.8,15.0,-0.306913037533181,0,0,0,1
2014-07-15,-0.4536498564010315,31.1,13.9,-0.654779560291891,0,0,0,1
2014-07-16,-0.4536498564010315,31.1,14.4,-0.585206255740149,0,0,0,1
2014-07-17,-0.4536498564010315,26.7,13.9,0.3192467034324972,0,0,0,1
2014-07-18,-0.4536498564010315,23.9,11.7,-0.306913037533181,0,0,0,1
2014-07-19,-0.4536498564010315,25.6,15.0,1.5019928808121112,1,0,0,0
2014-07-20,-0.4536498564010315,19.4,14.4,-0.306913037533181,0,0,0,1
2014-07-21,-0.4536498564010315,23.9,13.3,-0.7243528648436327,0,0,0,1
2014-07-22,-0.40872560604843955,21.1,13.3,-1.4896592149127947,0,1,0,0
2014-07-23,2.4364769162823863,18.9,13.3,0.040953485225528975,0,1,0,0
2014-07-24,-0.4536498564010315,20.6,12.8,1.0149797489499173,0,0,0,1
2014-07-25,-0.4536498564010315,22.8,12.2,-0.37648634208492276,0,0,0,1
2014-07-26,-0.4536498564010315,26.1,13.3,0.24967339888075515,0,0,0,1
2014-07-27,-0.4536498564010315,28.3,15.0,0.5975399216394648,0,0,0,1
2014-07-28,-0.4536498564010315,30.6,15.0,0.3192467034324972,0,0,0,1
2014-07-29,-0.4536498564010315,30.0,15.6,-0.306913037533181,0,0,0,1
2014-07-30,-0.4536498564010315,29.4,14.4,0.11052678977727104,0,0,0,1
2014-07-31,-0.4536498564010315,30.6,17.8,0.5975399216394648,0,0,0,1
2014-08-01,-0.4536498564010315,28.9,15.0,0.040953485225528975,0,0,0,1
2014-08-02,-0.37877610581337817,29.4,15.6,-1.072219387602343,0,1,0,0
2014-08-03,-0.4536498564010315,31.7,14.4,-0.4460596466366648,0,0,0,1
2014-08-04,-0.4536498564010315,32.8,16.1,-0.4460596466366648,0,0,0,1
2014-08-05,-0.4536498564010315,25.0,13.9,-0.37648634208492276,0,0,0,1
2014-08-06,-0.4536498564010315,26.1,15.0,-0.7243528648436327,1,0,0,0
2014-08-07,-0.4536498564010315,25.6,13.3,-0.585206255740149,1,0,0,0
2014-08-08,-0.4536498564010315,25.6,13.3,-0.23733973298143896,0,0,0,1
2014-08-09,-0.4536498564010315,27.2,15.6,0.5975399216394648,0,0,0,1
2014-08-10,-0.4536498564010315,30.6,13.9,0.11052678977727104,0,0,0,1
2014-08-11,-0.37877610581337817,35.6,17.8,-0.4460596466366648,0,1,0,0
2014-08-12,1.4481434085253624,27.2,17.2,-0.09819312387795483,0,1,0,0
2014-08-13,2.780896168985591,23.3,15.0,-0.37648634208492276,0,1,0,0
2014-08-14,-0.4536498564010315,21.1,17.2,-1.8375257376715046,0,0,0,1
2014-08-15,-0.3039023552257249,24.4,16.7,-1.2113659967058268,0,1,0,0
2014-08-16,-0.4536498564010315,25.6,15.6,-0.7243528648436327,0,0,0,1
2014-08-17,-0.4536498564010315,27.8,15.0,-0.306913037533181,0,0,0,1
2014-08-18,-0.4536498564010315,29.4,15.6,0.040953485225528975,0,0,0,1
2014-08-19,-0.4536498564010315,27.2,15.6,-0.585206255740149,0,0,0,1
2014-08-20,-0.4536498564010315,21.7,13.9,0.24967339888075515,0,0,0,1
2014-08-21,-0.4536498564010315,21.1,11.1,-1.072219387602343,0,0,0,1
2014-08-22,-0.4536498564010315,23.9,13.3,-0.23733973298143896,0,0,0,1
2014-08-23,-0.4536498564010315,27.8,13.9,-0.8634994739471168,0,0,0,1
2014-08-24,-0.4536498564010315,25.0,13.3,-0.654779560291891,0,0,0,1
2014-08-25,-0.4536498564010315,28.9,14.4,-0.8634994739471168,0,0,0,1
2014-08-26,-0.4536498564010315,31.1,15.6,-1.0026460830506008,0,0,0,1
2014-08-27,-0.4536498564010315,28.9,16.1,-1.1417926921540849,0,0,0,1
2014-08-28,-0.4536498564010315,23.3,14.4,-0.654779560291891,0,0,0,1
2014-08-29,-0.4536498564010315,22.8,15.0,0.11052678977727104,0,0,0,1
2014-08-30,0.804229153471544,17.8,15.0,-0.7243528648436327,0,1,0,0
2014-08-31,-0.2589781048731329,21.1,13.9,-0.933072778498859,0,1,0,0
2014-09-01,-0.4536498564010315,23.3,12.8,-0.5156329511884069,0,0,0,1
2014-09-02,-0.004407352875111673,20.0,13.9,0.736686530742949,0,1,0,0
2014-09-03,-0.4536498564010315,20.6,12.8,-0.37648634208492276,0,0,0,1
2014-09-04,-0.4536498564010315,23.9,11.1,-0.09819312387795483,1,0,0,0
2014-09-05,-0.4536498564010315,27.8,13.9,2.267299230881273,1,0,0,0
2014-09-06,-0.4536498564010315,32.2,15.0,-0.23733973298143896,0,0,0,1
2014-09-07,-0.4536498564010315,28.3,13.3,-0.7939261693953747,0,0,0,1
2014-09-08,-0.4536498564010315,21.1,13.3,-0.306913037533181,0,0,0,1
2014-09-09,-0.4536498564010315,21.7,13.3,-0.654779560291891,0,0,0,1
2014-09-10,-0.4536498564010315,22.2,12.2,0.45839331253598103,0,0,0,1
2014-09-11,-0.4536498564010315,24.4,12.8,1.4324195762603689,0,0,0,1
2014-09-12,-0.4536498564010315,24.4,12.8,1.8498594035708211,0,0,0,1
2014-09-13,-0.4536498564010315,28.3,10.0,0.6671132261912072,0,0,0,1
2014-09-14,-0.4536498564010315,30.0,11.7,-1.0026460830506008,0,0,0,1
2014-09-15,-0.4536498564010315,30.6,12.2,-1.4200859103610526,0,0,0,1
2014-09-16,-0.4536498564010315,22.2,13.9,-0.306913037533181,0,0,0,1
2014-09-17,-0.37877610581337817,22.8,14.4,-0.654779560291891,0,1,0,0
2014-09-18,-0.40872560604843955,19.4,15.0,-0.09819312387795483,0,1,0,0
2014-09-19,-0.4536498564010315,23.9,16.1,-0.306913037533181,0,0,0,1
2014-09-20,-0.4536498564010315,24.4,14.4,0.8062598352946913,1,0,0,0
2014-09-21,-0.4536498564010315,26.1,12.8,-0.16776642842969688,0,0,0,1
2014-09-22,-0.40872560604843955,22.2,15.0,-0.7939261693953747,0,1,0,0
2014-09-23,2.2867294151070796,18.9,14.4,-0.5156329511884069,0,1,0,0
2014-09-24,2.586224417457693,18.9,14.4,-0.37648634208492276,0,1,0,0
2014-09-25,0.19026439865278688,21.7,14.4,-0.5156329511884069,0,1,0,0
2014-09-26,0.8791029040591973,20.0,13.9,0.040953485225528975,0,1,0,0
2014-09-27,-0.4536498564010315,20.6,11.7,-0.02861981932621277,1,0,0,0
2014-09-28,-0.4536498564010315,18.9,12.2,-0.8634994739471168,1,0,0,0
2014-09-29,-0.3338518554607862,16.7,11.1,0.18010009432901308,0,1,0,0
2014-09-30,-0.4536498564010315,19.4,12.2,-0.4460596466366648,0,0,0,1
2014-10-01,-0.4536498564010315,18.3,11.1,-0.7939261693953747,0,0,0,1
2014-10-02,-0.4536498564010315,19.4,10.0,-0.8634994739471168,0,0,0,1
2014-10-03,-0.4536498564010315,22.2,8.9,-1.559232519464537,0,0,0,1
2014-10-04,-0.4536498564010315,21.7,12.2,-1.4200859103610526,0,0,0,1
2014-10-05,-0.4536498564010315,23.9,11.7,-1.280939301257569,1,0,0,0
2014-10-06,-0.4536498564010315,25.6,13.3,-0.5156329511884069,1,0,0,0
2014-10-07,-0.4536498564010315,18.9,13.9,-1.559232519464537,1,0,0,0
2014-10-08,-0.4536498564010315,20.6,12.8,-1.0026460830506008,1,0,0,0
2014-10-09,-0.4536498564010315,17.2,11.1,-1.559232519464537,1,0,0,0
2014-10-10,-0.40872560604843955,18.3,10.0,0.38882000798423894,0,1,0,0
2014-10-11,0.6544816522962374,18.3,11.7,0.18010009432901308,0,1,0,0
2014-10-12,-0.4536498564010315,17.8,11.7,-0.7939261693953747,0,0,0,1
2014-10-13,0.6844311525312986,21.1,10.0,-0.09819312387795483,0,1,0,0
2014-10-14,0.6095574019436454,16.7,11.7,-0.7243528648436327,0,1,0,0
2014-10-15,0.8341786537066053,16.1,11.7,1.0149797489499173,0,1,0,0
2014-10-16,-0.4536498564010315,20.6,11.1,0.040953485225528975,0,0,0,1
2014-10-17,0.04051689747748028,16.7,11.7,-0.16776642842969688,0,1,0,0
2014-10-18,1.7925626612285677,19.4,13.9,-0.933072778498859,0,1,0,0
2014-10-19,-0.4536498564010315,22.2,12.8,-0.02861981932621277,0,0,0,1
2014-10-20,1.2983959073500557,16.1,12.2,-0.09819312387795483,0,1,0,0
2014-10-21,-0.3039023552257249,16.1,11.7,1.0149797489499173,0,1,0,0
2014-10-22,4.338270181208779,15.6,11.7,1.223699662605143,0,1,0,0
2014-10-23,0.9539766546468507,14.4,8.3,0.9454064443981748,0,1,0,0
2014-10-24,0.16031489841772553,14.4,8.9,-0.02861981932621277,0,1,0,0
2014-10-25,0.4598099007683388,16.7,8.3,1.5019928808121112,0,1,0,0
2014-10-26,-0.2290286046380716,12.8,7.8,1.223699662605143,0,1,0,0
2014-10-27,-0.3338518554607862,15.6,6.7,-0.585206255740149,0,1,0,0
2014-10-28,1.4481434085253624,15.0,9.4,0.45839331253598103,0,1,0,0
2014-10-29,-0.37877610581337817,16.7,11.7,-0.09819312387795483,0,1,0,0
2014-10-30,3.3499366734517557,15.6,11.1,-0.02861981932621277,0,1,0,0
2014-10-31,2.092057663579181,12.8,8.3,-0.8634994739471168,0,1,0,0
2014-11-01,-0.4536498564010315,11.1,7.2,-1.4200859103610526,1,0,0,0
2014-11-02,-0.18410435428547958,13.3,7.2,-0.23733973298143896,0,1,0,0
2014-11-03,1.1785979064098107,13.9,11.1,1.084553053501659,0,1,0,0
2014-11-04,0.16031489841772553,14.4,10.6,0.040953485225528975,0,1,0,0
2014-11-05,0.2651381492404402,15.0,10.6,-0.7939261693953747,0,1,0,0
2014-11-06,0.16031489841772553,16.7,10.6,2.406445839984757,0,1,0,0
2014-11-07,-0.4536498564010315,14.4,7.2,-0.654779560291891,0,0,0,1
2014-11-08,-0.4536498564010315,12.8,3.9,-1.698379128568021,1,0,0,0
2014-11-09,0.31006239959303217,13.3,7.8,-0.16776642842969688,0,1,0,0
2014-11-10,-0.4536498564010315,11.1,5.6,0.45839331253598103,0,0,0,1
2014-11-11,-0.4536498564010315,7.8,1.1,3.1021788855021772,0,0,0,1
2014-11-12,-0.4536498564010315,6.7,0.0,3.0326055809504346,0,0,0,1
2014-11-13,-0.4536498564010315,7.2,0.6,1.0149797489499173,0,0,0,1
2014-11-14,-0.4536498564010315,7.2,-2.1,0.8758331398464331,0,0,0,1
2014-11-15,-0.4536498564010315,8.3,-1.6,0.6671132261912072,0,0,0,1
2014-11-16,-0.4536498564010315,9.4,-2.1,0.6671132261912072,0,0,0,1
2014-11-17,-0.4536498564010315,10.6,-2.1,-0.933072778498859,0,0,0,1
2014-11-18,-0.4536498564010315,7.2,-0.5,-1.6288058240162788,0,0,0,1
2014-11-19,-0.4536498564010315,11.1,2.2,-0.933072778498859,0,0,0,1
2014-11-20,0.0854411478300723,11.1,5.6,-0.7939261693953747,0,1,0,0
2014-11-21,1.8225121614636288,11.1,8.3,1.0149797489499173,0,1,0,0
2014-11-22,-0.37877610581337817,9.4,6.7,1.0149797489499173,0,1,0,0
2014-11-23,1.328345407585117,12.8,5.6,1.2932729671568848,0,1,0,0
2014-11-24,-0.2589781048731329,11.7,4.4,0.38882000798423894,0,1,0,0
2014-11-25,2.2867294151070796,13.9,9.4,0.8758331398464331,0,1,0,0
2014-11-26,-0.40872560604843955,15.0,12.2,0.45839331253598103,0,1,0,0
2014-11-27,0.04051689747748028,14.4,11.7,2.336872535433015,0,1,0,0
2014-11-28,4.6826894339119844,12.8,3.3,1.780286099019079,0,1,0,0
2014-11-29,0.0854411478300723,4.4,-4.3,1.4324195762603689,0,0,1,0
2014-11-30,-0.4536498564010315,2.8,-4.9,0.8062598352946913,0,0,0,1
2014-12-01,-0.4536498564010315,4.4,-3.2,-0.7243528648436327,0,0,0,1
2014-12-02,-0.4536498564010315,5.6,-3.2,1.710712794467337,1,0,0,0
2014-12-03,-0.4536498564010315,10.0,0.0,0.24967339888075515,0,0,0,1
2014-12-04,-0.3338518554607862,8.3,3.9,-1.4896592149127947,0,1,0,0
2014-12-05,-0.004407352875111673,12.8,6.7,-0.09819312387795483,0,1,0,0
2014-12-06,0.6544816522962374,11.7,7.8,0.24967339888075515,0,1,0,0
2014-12-07,-0.4536498564010315,14.4,6.1,-0.306913037533181,0,0,0,1
2014-12-08,0.9090524042942586,14.4,8.9,0.6671132261912072,0,1,0,0
2014-12-09,1.028850405234504,16.1,10.6,1.2932729671568848,0,1,0,0
2014-12-10,1.4930676588779543,18.9,10.0,2.406445839984757,0,1,0,0
2014-12-11,0.5796079017085841,14.4,8.3,2.197725926329531,0,1,0,0
2014-12-12,-0.4536498564010315,11.1,7.2,0.3192467034324972,0,0,0,1
2014-12-13,-0.4536498564010315,10.0,3.9,-1.4896592149127947,1,0,0,0
2014-12-14,-0.4536498564010315,12.8,1.7,0.18010009432901308,1,0,0,0
2014-12-15,-0.4536498564010315,12.2,6.7,1.8498594035708211,0,0,0,1
2014-12-16,-0.4536498564010315,10.0,8.3,0.5279666170877231,0,0,0,1
2014-12-17,-0.03435685311017302,8.9,6.1,-1.1417926921540849,0,1,0,0
2014-12-18,1.4930676588779543,9.4,6.7,-0.09819312387795483,0,1,0,0
2014-12-19,-0.004407352875111673,11.1,7.2,0.736686530742949,0,1,0,0
2014-12-20,2.481401166634978,12.8,6.7,1.571566185363853,0,1,0,0
2014-12-21,-0.4536498564010315,12.8,10.0,1.3628462717086272,0,0,0,1
2014-12-22,-0.4536498564010315,10.6,6.1,-1.2113659967058268,0,0,0,1
2014-12-23,2.6311486678102844,12.2,5.0,0.38882000798423894,0,1,0,0
2014-12-24,0.3400118998280935,7.2,3.9,-1.0026460830506008,0,1,0,0
2014-12-25,-0.4536498564010315,7.8,2.8,-0.7243528648436327,1,0,0,0
2014-12-26,-0.4536498564010315,5.6,1.7,-1.4200859103610526,1,0,0,0
2014-12-27,0.04051689747748028,9.4,4.4,1.1541263580534014,0,1,0,0
2014-12-28,0.16031489841772553,6.7,2.8,-1.0026460830506008,0,1,0,0
2014-12-29,-0.4536498564010315,6.1,0.6,0.736686530742949,1,0,0,0
2014-12-30,-0.4536498564010315,3.3,-2.1,0.24967339888075515,0,0,0,1
2014-12-31,-0.4536498564010315,3.3,-2.7,-0.16776642842969688,0,0,0,1
2015-01-01,-0.4536498564010315,5.6,-3.2,-1.4200859103610526,0,0,0,1
2015-01-02,-0.2290286046380716,5.6,0.0,-0.654779560291891,0,1,0,0
2015-01-03,-0.4536498564010315,5.0,1.7,-1.072219387602343,1,0,0,0
2015-01-04,1.0737746555870957,10.6,3.3,0.8758331398464331,0,1,0,0
2015-01-05,0.7593049031189519,12.2,9.4,2.197725926329531,0,1,0,0
2015-01-06,-0.4536498564010315,12.2,6.1,-1.3505126058093109,1,0,0,0
2015-01-07,-0.4536498564010315,7.8,5.6,-1.1417926921540849,1,0,0,0
2015-01-08,-0.4536498564010315,7.8,1.7,-0.4460596466366648,1,0,0,0
2015-01-09,-0.40872560604843955,10.0,3.3,-1.8375257376715046,0,1,0,0
2015-01-10,0.4148856504157468,7.8,6.1,-1.9070990422232468,0,1,0,0
2015-01-11,-0.2290286046380716,9.4,7.2,-1.4896592149127947,0,1,0,0
2015-01-12,-0.4536498564010315,11.1,4.4,-1.1417926921540849,1,0,0,0
2015-01-13,-0.4536498564010315,9.4,2.8,-0.37648634208492276,1,0,0,0
2015-01-14,-0.4536498564010315,6.1,0.6,-0.306913037533181,1,0,0,0
2015-01-15,0.9989009049994425,7.8,1.1,-0.02861981932621277,0,1,0,0
2015-01-16,-0.4536498564010315,11.7,5.6,0.8758331398464331,1,0,0,0
2015-01-17,3.4697346743920017,13.3,3.3,-0.306913037533181,0,1,0,0
2015-01-18,2.7359719186329996,13.9,7.2,2.336872535433015,0,1,0,0
2015-01-19,-0.37877610581337817,10.0,6.1,-0.306913037533181,0,1,0,0
2015-01-20,-0.4536498564010315,10.0,3.3,-0.16776642842969688,1,0,0,0
2015-01-21,-0.4536498564010315,7.2,-0.5,-1.3505126058093109,1,0,0,0
2015-01-22,-0.3338518554607862,9.4,6.1,-1.3505126058093109,0,1,0,0
2015-01-23,0.4148856504157468,12.2,8.3,-0.4460596466366648,0,1,0,0
2015-01-24,-0.37877610581337817,14.4,11.1,0.040953485225528975,0,1,0,0
2015-01-25,-0.4536498564010315,17.2,7.2,-1.280939301257569,1,0,0,0
2015-01-26,-0.4536498564010315,16.1,6.1,-0.7243528648436327,1,0,0,0
2015-01-27,-0.3338518554607862,11.1,8.3,-0.8634994739471168,0,1,0,0
2015-01-28,-0.4536498564010315,12.2,5.0,-1.0026460830506008,1,0,0,0
2015-01-29,-0.4536498564010315,12.2,3.3,-0.23733973298143896,0,0,0,1
2015-01-30,-0.4536498564010315,8.3,1.1,-1.698379128568021,1,0,0,0
2015-01-31,-0.4536498564010315,7.2,3.3,-0.933072778498859,1,0,0,0
2015-02-01,-0.2290286046380716,9.4,4.4,-0.4460596466366648,0,1,0,0
2015-02-02,0.6544816522962374,11.1,5.0,0.5279666170877231,0,1,0,0
2015-02-03,-0.2589781048731329,10.0,5.6,-0.933072778498859,0,1,0,0
2015-02-04,0.804229153471544,10.6,4.4,-1.072219387602343,0,1,0,0
2015-02-05,3.4697346743920017,13.3,8.3,0.9454064443981748,0,1,0,0
2015-02-06,2.136981913931773,14.4,10.0,0.8758331398464331,0,1,0,0
2015-02-07,3.0803911713362044,12.2,9.4,0.9454064443981748,0,1,0,0
2015-02-08,0.0854411478300723,15.0,8.3,0.45839331253598103,0,1,0,0
2015-02-09,0.4598099007683388,13.3,8.3,-0.5156329511884069,0,1,0,0
2015-02-10,-0.40872560604843955,12.8,8.3,0.5279666170877231,0,1,0,0
2015-02-11,-0.4536498564010315,12.8,5.6,-1.559232519464537,1,0,0,0
2015-02-12,-0.3039023552257249,16.7,9.4,-0.7939261693953747,0,1,0,0
2015-02-13,-0.4536498564010315,15.6,6.7,-1.072219387602343,1,0,0,0
2015-02-14,-0.40872560604843955,14.4,6.7,-0.23733973298143896,0,1,0,0
2015-02-15,-0.4536498564010315,12.2,3.9,1.084553053501659,0,0,0,1
2015-02-16,-0.4536498564010315,15.0,5.6,2.336872535433015,1,0,0,0
2015-02-17,-0.4536498564010315,16.1,4.4,0.5279666170877231,0,0,0,1
2015-02-18,-0.4536498564010315,12.2,4.4,-0.4460596466366648,0,0,0,1
2015-02-19,0.23518864900537884,10.6,8.3,-0.7243528648436327,0,1,0,0
2015-02-20,-0.3338518554607862,11.1,7.2,-1.6288058240162788,0,1,0,0
2015-02-21,-0.4536498564010315,12.2,5.6,0.8758331398464331,0,0,0,1
2015-02-22,-0.4536498564010315,11.7,3.3,0.6671132261912072,0,0,0,1
2015-02-23,-0.4536498564010315,12.8,0.6,-1.280939301257569,0,0,0,1
2015-02-24,-0.4536498564010315,11.1,2.2,-1.2113659967058268,0,0,0,1
2015-02-25,0.16031489841772553,10.0,6.7,-1.559232519464537,0,1,0,0
2015-02-26,0.9539766546468507,11.7,7.8,-1.280939301257569,0,1,0,0
2015-02-27,2.2867294151070796,10.0,6.7,0.5279666170877231,0,1,0,0
2015-02-28,-0.4536498564010315,12.2,3.3,1.2932729671568848,0,0,0,1
2015-03-01,-0.4536498564010315,11.1,1.1,-0.7243528648436327,0,0,0,1
2015-03-02,-0.4536498564010315,11.1,4.4,1.084553053501659,0,0,0,1
2015-03-03,-0.4536498564010315,10.6,0.0,-0.7939261693953747,0,0,0,1
2015-03-04,-0.4536498564010315,12.8,-0.5,-1.0026460830506008,0,0,0,1
2015-03-05,-0.4536498564010315,13.3,2.8,-1.3505126058093109,0,0,0,1
2015-03-06,-0.4536498564010315,15.0,3.3,-1.280939301257569,0,0,0,1
2015-03-07,-0.4536498564010315,16.7,3.9,-0.37648634208492276,1,0,0,0
2015-03-08,-0.4536498564010315,17.2,3.9,-1.072219387602343,1,0,0,0
2015-03-09,-0.4536498564010315,14.4,4.4,-1.0026460830506008,1,0,0,0
2015-03-10,-0.3338518554607862,13.3,5.0,-0.4460596466366648,0,1,0,0
2015-03-11,-0.07928110346276497,14.4,8.9,-0.09819312387795483,0,1,0,0
2015-03-12,-0.4536498564010315,17.8,9.4,-0.02861981932621277,0,0,0,1
2015-03-13,-0.1541548540504183,17.2,7.8,-0.7243528648436327,0,1,0,0
2015-03-14,2.092057663579181,13.9,9.4,0.38882000798423894,0,1,0,0
2015-03-15,7.917235459298607,10.6,6.1,0.6671132261912072,0,1,0,0
2015-03-16,-0.3039023552257249,13.9,6.1,-0.16776642842969688,0,1,0,0
2015-03-17,-0.3338518554607862,13.3,4.4,-0.4460596466366648,0,1,0,0
2015-03-18,-0.4536498564010315,15.6,7.2,-0.5156329511884069,0,0,0,1
2015-03-19,-0.4536498564010315,15.6,8.3,-0.933072778498859,0,0,0,1
2015-03-20,0.16031489841772553,13.9,8.9,-0.933072778498859,0,1,0,0
2015-03-21,0.11539064806513359,13.3,8.3,1.0149797489499173,0,1,0,0
2015-03-22,-0.3039023552257249,11.7,6.1,-0.654779560291891,0,1,0,0
2015-03-23,0.7593049031189519,11.1,5.6,-0.306913037533181,0,1,0,0
2015-03-24,0.6844311525312986,12.8,6.1,0.45839331253598103,0,1,0,0
2015-03-25,0.31006239959303217,14.4,7.2,0.8062598352946913,0,1,0,0
2015-03-26,-0.4536498564010315,20.6,10.0,-0.7243528648436327,0,0,0,1
2015-03-27,-0.3039023552257249,18.3,8.9,0.5279666170877231,0,1,0,0
2015-03-28,-0.4536498564010315,15.6,9.4,1.710712794467337,0,0,0,1
2015-03-29,-0.4536498564010315,15.6,8.9,-0.16776642842969688,0,0,0,1
2015-03-30,-0.18410435428547958,17.8,10.6,-0.23733973298143896,0,1,0,0
2015-03-31,-0.3039023552257249,12.8,6.1,0.6671132261912072,0,1,0,0
2015-04-01,0.31006239959303217,12.8,5.6,-0.02861981932621277,0,1,0,0
2015-04-02,-0.4536498564010315,13.3,5.6,-0.585206255740149,0,0,0,1
2015-04-03,-0.2290286046380716,11.1,5.0,0.24967339888075515,0,1,0,0
2015-04-04,-0.4536498564010315,12.8,3.9,-1.072219387602343,0,0,0,1
2015-04-05,-0.4536498564010315,16.7,2.8,-0.585206255740149,0,0,0,1
2015-04-06,-0.3039023552257249,13.9,6.7,0.18010009432901308,0,1,0,0
2015-04-07,-0.37877610581337817,14.4,6.7,0.45839331253598103,0,1,0,0
2015-04-08,-0.4536498564010315,17.2,6.1,-1.072219387602343,0,0,0,1
2015-04-09,-0.4536498564010315,17.2,6.1,-0.654779560291891,0,0,0,1
2015-04-10,1.1785979064098107,13.9,7.8,0.9454064443981748,0,1,0,0
2015-04-11,-0.4536498564010315,11.7,5.6,2.267299230881273,0,0,0,1
2015-04-12,-0.4536498564010315,13.3,5.6,0.24967339888075515,0,0,0,1
2015-04-13,1.642815160053261,11.7,3.9,0.24967339888075515,0,1,0,0
2015-04-14,0.04051689747748028,11.7,2.8,0.040953485225528975,0,1,0,0
2015-04-15,-0.4536498564010315,13.9,3.3,-0.585206255740149,0,0,0,1
2015-04-16,-0.4536498564010315,17.8,3.9,-0.09819312387795483,0,0,0,1
2015-04-17,-0.4536498564010315,18.9,6.1,0.24967339888075515,0,0,0,1
2015-04-18,-0.4536498564010315,18.9,8.3,0.45839331253598103,0,0,0,1
2015-04-19,-0.4536498564010315,21.1,8.3,0.24967339888075515,0,0,0,1
2015-04-20,-0.4536498564010315,22.8,7.8,-0.4460596466366648,0,0,0,1
2015-04-21,0.38493615018068544,17.2,6.7,0.11052678977727104,0,1,0,0
2015-04-22,-0.4536498564010315,15.6,5.0,-0.654779560291891,0,0,0,1
2015-04-23,-0.004407352875111673,12.2,6.7,0.5975399216394648,0,1,0,0
2015-04-24,0.04051689747748028,12.2,6.1,1.223699662605143,0,1,0,0
2015-04-25,-0.2589781048731329,13.3,5.6,-0.16776642842969688,0,1,0,0
2015-04-26,-0.4536498564010315,15.6,4.4,-0.37648634208492276,1,0,0,0
2015-04-27,-0.40872560604843955,25.0,10.6,-0.654779560291891,0,1,0,0
2015-04-28,-0.18410435428547958,15.6,8.9,0.736686530742949,0,1,0,0
2015-04-29,-0.4536498564010315,16.1,7.2,1.0149797489499173,0,0,0,1
2015-04-30,-0.4536498564010315,17.2,7.8,-0.7939261693953747,0,0,0,1
2015-05-01,-0.4536498564010315,18.3,8.9,0.3192467034324972,0,0,0,1
2015-05-02,-0.4536498564010315,18.3,7.8,0.3192467034324972,0,0,0,1
2015-05-03,-0.4536498564010315,20.6,7.8,-0.4460596466366648,0,0,0,1
2015-05-04,-0.4536498564010315,17.2,7.2,1.3628462717086272,0,0,0,1
2015-05-05,0.4598099007683388,14.4,7.2,1.2932729671568848,0,1,0,0
2015-05-06,-0.4536498564010315,16.7,7.2,-0.4460596466366648,1,0,0,0
2015-05-07,-0.4536498564010315,20.6,6.1,-0.16776642842969688,0,0,0,1
2015-05-08,-0.4536498564010315,23.9,8.3,-0.16776642842969688,0,0,0,1
2015-05-09,-0.4536498564010315,26.7,9.4,-0.4460596466366648,0,0,0,1
2015-05-10,-0.4536498564010315,19.4,11.1,-0.306913037533181,0,0,0,1
2015-05-11,-0.4536498564010315,13.9,10.0,-0.5156329511884069,1,0,0,0
2015-05-12,0.19026439865278688,15.6,10.6,0.040953485225528975,0,1,0,0
2015-05-13,0.16031489841772553,12.2,10.0,-0.306913037533181,0,1,0,0
2015-05-14,-0.40872560604843955,17.8,9.4,-0.8634994739471168,0,1,0,0
2015-05-15,-0.4536498564010315,20.0,9.4,-0.306913037533181,1,0,0,0
2015-05-16,-0.4536498564010315,15.6,11.1,-0.16776642842969688,0,0,0,1
2015-05-17,-0.4536498564010315,19.4,10.6,-0.7939261693953747,0,0,0,1
2015-05-18,-0.4536498564010315,25.6,12.2,-0.16776642842969688,0,0,0,1
2015-05-19,-0.4536498564010315,21.7,11.7,-0.4460596466366648,0,0,0,1
2015-05-20,-0.4536498564010315,23.3,10.6,-1.0026460830506008,1,0,0,0
2015-05-21,-0.4536498564010315,25.6,11.7,-0.7939261693953747,0,0,0,1
2015-05-22,-0.4536498564010315,16.7,11.7,0.3192467034324972,0,0,0,1
2015-05-23,-0.4536498564010315,16.1,11.7,-0.4460596466366648,0,0,0,1
2015-05-24,-0.4536498564010315,17.8,11.1,-0.37648634208492276,0,0,0,1
2015-05-25,-0.4536498564010315,15.6,11.1,-0.37648634208492276,0,0,0,1
2015-05-26,-0.4536498564010315,21.7,11.7,-0.7939261693953747,0,0,0,1
2015-05-27,-0.4536498564010315,24.4,11.7,-1.0026460830506008,0,0,0,1
2015-05-28,-0.4536498564010315,27.8,12.2,-0.7939261693953747,0,0,0,1
2015-05-29,-0.4536498564010315,26.1,12.8,-0.5156329511884069,0,0,0,1
2015-05-30,-0.4536498564010315,22.8,10.0,-0.5156329511884069,0,0,0,1
2015-05-31,-0.4536498564010315,25.0,11.7,-0.7243528648436327,0,0,0,1
2015-06-01,0.23518864900537884,16.1,11.7,0.11052678977727104,0,1,0,0
2015-06-02,-0.37877610581337817,17.8,12.8,1.223699662605143,0,1,0,0
2015-06-03,-0.4536498564010315,20.0,11.7,-0.16776642842969688,0,0,0,1
2015-06-04,-0.4536498564010315,22.8,11.7,0.45839331253598103,0,0,0,1
2015-06-05,-0.4536498564010315,26.7,12.8,0.736686530742949,0,0,0,1
2015-06-06,-0.4536498564010315,29.4,13.3,-0.4460596466366648,0,0,0,1
2015-06-07,-0.4536498564010315,31.1,15.6,-0.02861981932621277,0,0,0,1
2015-06-08,-0.4536498564010315,30.6,14.4,0.18010009432901308,0,0,0,1
2015-06-09,-0.4536498564010315,28.9,14.4,-0.37648634208492276,0,0,0,1
2015-06-10,-0.4536498564010315,25.6,11.1,-0.16776642842969688,0,0,0,1
2015-06-11,-0.4536498564010315,24.4,11.1,0.18010009432901308,0,0,0,1
2015-06-12,-0.4536498564010315,20.0,11.7,-0.654779560291891,0,0,0,1
2015-06-13,-0.4536498564010315,23.9,9.4,-0.4460596466366648,0,0,0,1
2015-06-14,-0.4536498564010315,27.8,11.7,0.3192467034324972,0,0,0,1
2015-06-15,-0.4536498564010315,30.0,16.1,0.18010009432901308,0,0,0,0
2015-06-16,-0.4536498564010315,22.8,11.1,-0.16776642842969688,0,0,0,1
2015-06-17,-0.4536498564010315,25.0,11.1,-0.09819312387795483,0,0,0,1
2015-06-18,-0.4536498564010315,24.4,13.9,-0.16776642842969688,0,0,0,1
2015-06-19,-0.37877610581337817,23.9,13.3,-0.02861981932621277,0,1,0,0
2015-06-20,-0.4536498564010315,25.0,12.8,0.736686530742949,0,0,0,1
2015-06-21,-0.4536498564010315,25.6,13.9,0.11052678977727104,0,0,0,1
2015-06-22,-0.4536498564010315,25.0,12.8,-0.585206255740149,0,0,0,1
2015-06-23,-0.4536498564010315,26.1,11.7,-0.585206255740149,0,0,0,1
2015-06-24,-0.4536498564010315,25.6,16.1,-0.4460596466366648,0,0,0,1
2015-06-25,-0.4536498564010315,30.6,15.6,-0.16776642842969688,0,0,0,1
2015-06-26,-0.4536498564010315,31.7,17.8,1.0149797489499173,0,0,0,1
2015-06-27,-0.4536498564010315,33.3,17.2,0.45839331253598103,0,0,0,1
2015-06-28,-0.40872560604843955,28.3,18.3,-0.7939261693953747,0,1,0,0
2015-06-29,-0.4536498564010315,28.9,17.2,-0.37648634208492276,0,0,0,1
2015-06-30,-0.4536498564010315,30.6,15.0,0.11052678977727104,1,0,0,0
2015-07-01,-0.4536498564010315,32.2,17.2,0.736686530742949,0,0,0,1
2015-07-02,-0.4536498564010315,33.9,17.8,0.11052678977727104,0,0,0,1
2015-07-03,-0.4536498564010315,33.3,17.8,-0.4460596466366648,0,0,0,1
2015-07-04,-0.4536498564010315,33.3,15.0,-0.23733973298143896,0,0,0,1
2015-07-05,-0.4536498564010315,32.8,16.7,-0.7939261693953747,0,0,0,1
2015-07-06,-0.4536498564010315,29.4,15.6,-0.02861981932621277,0,0,0,0
2015-07-07,-0.4536498564010315,27.2,13.9,-0.585206255740149,0,0,0,1
2015-07-08,-0.4536498564010315,30.0,14.4,-0.933072778498859,0,0,0,0
2015-07-09,-0.4536498564010315,28.9,14.4,0.11052678977727104,0,0,0,1
2015-07-10,-0.4536498564010315,21.1,16.7,0.3192467034324972,0,0,0,1
2015-07-11,-0.4536498564010315,22.2,16.7,-0.16776642842969688,0,0,0,1
2015-07-12,-0.4536498564010315,26.1,16.7,-0.7243528648436327,0,0,0,1
2015-07-13,-0.4536498564010315,25.6,16.1,-0.09819312387795483,0,0,0,1
2015-07-14,-0.4536498564010315,27.8,16.1,0.040953485225528975,0,0,0,1
2015-07-15,-0.4536498564010315,26.1,14.4,-0.02861981932621277,0,0,0,1
2015-07-16,-0.4536498564010315,26.1,15.0,-0.306913037533181,0,0,0,1
2015-07-17,-0.4536498564010315,27.8,13.9,0.040953485225528975,0,0,0,1
2015-07-18,-0.4536498564010315,33.3,17.8,0.11052678977727104,0,0,0,1
2015-07-19,-0.4536498564010315,35.0,17.2,0.040953485225528975,0,0,0,1
2015-07-20,-0.4536498564010315,26.7,16.7,0.45839331253598103,0,0,0,1
2015-07-21,-0.4536498564010315,23.9,15.0,-0.585206255740149,0,0,0,1
2015-07-22,-0.4536498564010315,23.9,13.9,-0.306913037533181,0,0,0,1
2015-07-23,-0.4536498564010315,26.1,14.4,-0.933072778498859,0,0,0,1
2015-07-24,-0.40872560604843955,22.8,13.3,0.38882000798423894,0,1,0,0
2015-07-25,-0.4536498564010315,21.1,14.4,-0.585206255740149,1,0,0,0
2015-07-26,-0.1541548540504183,22.2,13.9,-0.4460596466366648,0,1,0,0
2015-07-27,-0.4536498564010315,23.3,12.2,-0.933072778498859,1,0,0,0
2015-07-28,-0.4536498564010315,27.8,13.9,0.11052678977727104,0,0,0,1
2015-07-29,-0.4536498564010315,32.2,14.4,0.38882000798423894,0,0,0,1
2015-07-30,-0.4536498564010315,34.4,17.2,0.18010009432901308,0,0,0,1
2015-07-31,-0.4536498564010315,34.4,17.8,-0.4460596466366648,0,0,0,1
2015-08-01,-0.4536498564010315,33.3,15.6,-0.09819312387795483,0,0,0,1
2015-08-02,-0.4536498564010315,30.6,16.1,-0.8634994739471168,0,0,0,1
2015-08-03,-0.4536498564010315,28.3,17.2,-0.654779560291891,0,0,0,1
2015-08-04,-0.4536498564010315,26.1,14.4,-0.4460596466366648,1,0,0,0
2015-08-05,-0.4536498564010315,23.3,12.2,0.18010009432901308,0,0,0,1
2015-08-06,-0.4536498564010315,25.0,15.0,-0.23733973298143896,0,0,0,1
2015-08-07,-0.4536498564010315,28.3,15.6,0.3192467034324972,0,0,0,1
2015-08-08,-0.4536498564010315,25.0,15.6,0.24967339888075515,1,0,0,0
2015-08-09,-0.4536498564010315,28.3,15.0,-0.7243528648436327,0,0,0,1
2015-08-10,-0.4536498564010315,28.9,16.1,-0.585206255740149,0,0,0,1
2015-08-11,-0.4536498564010315,30.0,16.7,0.8062598352946913,0,0,0,1
2015-08-12,0.6844311525312986,28.3,16.7,-0.37648634208492276,0,1,0,0
2015-08-13,-0.4536498564010315,28.3,15.6,-0.7243528648436327,0,0,0,1
2015-08-14,4.113648929445819,18.3,15.0,1.3628462717086272,0,1,0,0
2015-08-15,-0.4536498564010315,21.7,13.9,0.3192467034324972,0,0,0,1
2015-08-16,-0.4536498564010315,25.0,14.4,0.3192467034324972,0,0,0,1
2015-08-17,-0.4536498564010315,27.2,13.9,-0.16776642842969688,0,0,0,1
2015-08-18,-0.4536498564010315,30.0,15.0,-0.16776642842969688,0,0,0,1
2015-08-19,-0.4536498564010315,31.7,16.1,-0.7939261693953747,0,0,0,0
2015-08-20,-0.1541548540504183,22.8,14.4,0.6671132261912072,0,1,0,0
2015-08-21,-0.4536498564010315,22.2,14.4,-0.4460596466366648,0,0,0,1
2015-08-22,-0.4536498564010315,26.7,12.2,-0.5156329511884069,0,0,0,0
2015-08-23,-0.4536498564010315,27.8,13.9,-1.0026460830506008,0,0,0,0
2015-08-24,-0.4536498564010315,23.9,12.2,-0.654779560291891,0,0,0,1
2015-08-25,-0.4536498564010315,25.6,12.2,0.11052678977727104,0,0,0,1
2015-08-26,-0.4536498564010315,28.3,13.9,-1.072219387602343,0,0,0,1
2015-08-27,-0.4536498564010315,29.4,14.4,-0.7939261693953747,0,0,0,1
2015-08-28,-0.37877610581337817,23.3,15.6,-0.4460596466366648,0,1,0,0
2015-08-29,4.413143931796433,22.2,13.3,1.780286099019079,0,1,0,0
2015-08-30,1.0737746555870957,20.0,12.8,1.0149797489499173,0,1,0,0
2015-08-31,-0.4536498564010315,18.9,16.1,1.780286099019079,0,0,0,1
2015-09-01,0.4148856504157468,19.4,13.9,1.223699662605143,0,1,0,0
2015-09-02,-0.4536498564010315,19.4,11.1,0.38882000798423894,0,0,0,1
2015-09-03,-0.4536498564010315,18.3,10.6,-0.23733973298143896,0,0,0,1
2015-09-04,-0.4536498564010315,18.3,10.0,-0.23733973298143896,0,0,0,1
2015-09-05,-0.40872560604843955,20.6,8.9,0.18010009432901308,0,1,0,0
2015-09-06,0.3400118998280935,16.1,11.7,-0.585206255740149,0,1,0,0
2015-09-07,-0.40872560604843955,21.1,13.3,-1.2113659967058268,0,1,0,0
2015-09-08,-0.4536498564010315,22.8,13.3,-0.585206255740149,0,0,0,1
2015-09-09,-0.4536498564010315,24.4,13.9,0.040953485225528975,0,0,0,1
2015-09-10,-0.4536498564010315,25.0,14.4,0.24967339888075515,1,0,0,0
2015-09-11,-0.4536498564010315,27.2,15.0,-0.09819312387795483,0,0,0,1
2015-09-12,-0.4536498564010315,26.7,14.4,-0.7939261693953747,0,0,0,1
2015-09-13,-0.37877610581337817,20.6,12.8,-0.16776642842969688,0,1,0,0
2015-09-14,-0.4536498564010315,16.7,10.6,0.11052678977727104,0,0,0,1
2015-09-15,-0.4536498564010315,17.8,10.0,-0.306913037533181,0,0,0,1
2015-09-16,-0.3039023552257249,20.0,10.0,-0.933072778498859,0,1,0,0
2015-09-17,-0.18410435428547958,18.3,12.8,0.38882000798423894,0,1,0,0
2015-09-18,-0.4536498564010315,19.4,12.8,-0.4460596466366648,0,0,0,1
2015-09-19,-0.4536498564010315,21.1,14.4,0.736686530742949,0,0,0,1
2015-09-20,0.16031489841772553,22.8,12.2,2.4760191445364987,0,1,0,0
2015-09-21,-0.4536498564010315,18.3,9.4,-0.37648634208492276,1,0,0,0
2015-09-22,-0.4536498564010315,18.9,7.8,-0.8634994739471168,0,0,0,1
2015-09-23,-0.4536498564010315,20.6,8.3,-1.0026460830506008,0,0,0,1
2015-09-24,-0.4536498564010315,22.2,11.1,-0.5156329511884069,1,0,0,0
2015-09-25,-0.1541548540504183,15.6,12.8,-0.4460596466366648,0,1,0,0
2015-09-26,-0.4536498564010315,18.3,10.0,-0.37648634208492276,0,0,0,1
2015-09-27,-0.4536498564010315,17.8,7.2,0.38882000798423894,0,0,0,1
2015-09-28,-0.4536498564010315,21.1,9.4,1.2932729671568848,0,0,0,1
2015-09-29,-0.4536498564010315,21.7,8.9,-0.933072778498859,0,0,0,1
2015-09-30,-0.4536498564010315,18.3,10.0,-1.3505126058093109,1,0,0,0
2015-10-01,-0.4536498564010315,21.1,9.4,-1.3505126058093109,1,0,0,0
2015-10-02,-0.4536498564010315,15.6,10.0,-0.23733973298143896,1,0,0,0
2015-10-03,-0.4536498564010315,19.4,11.1,1.084553053501659,0,0,0,1
2015-10-04,-0.4536498564010315,22.8,10.0,0.3192467034324972,0,0,0,1
2015-10-05,-0.4536498564010315,23.3,9.4,-1.1417926921540849,0,0,0,1
2015-10-06,-0.4536498564010315,18.3,10.0,-0.4460596466366648,0,0,0,0
2015-10-07,1.028850405234504,16.1,13.9,-0.7243528648436327,0,1,0,0
2015-10-08,-0.4536498564010315,18.9,13.3,-1.4896592149127947,1,0,0,0
2015-10-09,-0.40872560604843955,19.4,12.2,-0.4460596466366648,0,1,0,0
2015-10-10,3.844103427330268,21.1,13.3,1.0149797489499173,0,1,0,0
2015-10-11,-0.4536498564010315,17.8,10.6,-0.4460596466366648,0,0,0,1
2015-10-12,0.23518864900537884,18.3,10.6,-0.306913037533181,0,1,0,0
2015-10-13,-0.2589781048731329,16.7,9.4,-0.02861981932621277,0,1,0,0
2015-10-14,-0.4536498564010315,15.0,10.0,1.223699662605143,1,0,0,0
2015-10-15,-0.4536498564010315,21.1,9.4,0.11052678977727104,1,0,0,0
2015-10-16,-0.4536498564010315,20.0,8.9,-1.3505126058093109,0,0,0,1
2015-10-17,-0.40872560604843955,19.4,11.7,-1.3505126058093109,0,1,0,0
2015-10-18,0.11539064806513359,15.0,12.8,-0.8634994739471168,0,1,0,0
2015-10-19,-0.40872560604843955,17.2,12.2,-0.4460596466366648,0,1,0,0
2015-10-20,-0.4536498564010315,17.8,10.6,-1.0026460830506008,1,0,0,0
2015-10-21,-0.4536498564010315,16.1,8.3,-1.3505126058093109,1,0,0,0
2015-10-22,-0.4536498564010315,16.1,8.9,-0.37648634208492276,1,0,0,0
2015-10-23,-0.4536498564010315,12.8,7.2,-0.4460596466366648,1,0,0,0
2015-10-24,-0.4536498564010315,15.0,8.9,-0.23733973298143896,1,0,0,0
2015-10-25,0.8791029040591973,19.4,8.9,0.11052678977727104,0,1,0,0
2015-10-26,0.5796079017085841,12.2,10.0,0.9454064443981748,0,1,0,0
2015-10-27,-0.4536498564010315,16.1,7.8,-1.072219387602343,1,0,0,0
2015-10-28,0.04051689747748028,13.9,11.1,-0.306913037533181,0,1,0,0
2015-10-29,-0.18410435428547958,15.0,12.2,1.0149797489499173,0,1,0,0
2015-10-30,2.4364769162823863,17.2,11.7,2.406445839984757,0,1,0,0
2015-10-31,4.488017682384086,15.6,11.7,2.754312362743467,0,1,0,0
2015-11-01,3.4697346743920017,12.2,8.9,1.919432708122563,0,1,0,0
2015-11-02,-0.40872560604843955,11.1,7.2,-0.306913037533181,0,1,0,0
2015-11-03,-0.3338518554607862,10.6,5.0,-1.280939301257569,0,1,0,0
2015-11-04,-0.4536498564010315,10.0,3.3,-0.7243528648436327,0,0,0,1
2015-11-05,-0.2589781048731329,11.7,7.8,-0.654779560291891,0,1,0,0
2015-11-06,-0.4536498564010315,15.6,8.3,-0.37648634208492276,1,0,0,0
2015-11-07,1.4481434085253624,12.2,9.4,-0.16776642842969688,0,1,0,0
2015-11-08,0.534683651355992,11.1,7.8,-1.0026460830506008,0,1,0,0
2015-11-09,0.04051689747748028,10.0,5.0,-1.3505126058093109,0,1,0,0
2015-11-10,-0.2589781048731329,11.1,3.9,0.45839331253598103,0,1,0,0
2015-11-11,-0.2290286046380716,11.1,6.1,0.9454064443981748,0,1,0,0
2015-11-12,1.028850405234504,11.1,5.0,1.2932729671568848,0,1,0,0
2015-11-13,4.56289143297174,13.3,9.4,2.267299230881273,0,1,0,0
2015-11-14,6.61443219907344,9.4,6.1,0.8758331398464331,0,1,0,0
2015-11-15,2.900694169925836,8.9,2.2,0.5975399216394648,0,1,0,0
2015-11-16,-0.1541548540504183,8.9,1.7,0.5279666170877231,0,1,0,0
2015-11-17,3.963901428270513,13.3,6.7,3.310898799157403,0,1,0,0
2015-11-18,-0.2290286046380716,8.9,3.3,0.38882000798423894,0,1,0,0
2015-11-19,-0.1541548540504183,8.9,2.8,0.6671132261912072,0,1,0,0
2015-11-20,-0.4536498564010315,8.3,0.6,0.5279666170877231,1,0,0,0
2015-11-21,-0.4536498564010315,8.9,0.6,1.0149797489499173,0,0,0,1
2015-11-22,-0.4536498564010315,10.0,1.7,-0.09819312387795483,1,0,0,0
2015-11-23,-0.004407352875111673,6.7,0.0,-1.3505126058093109,0,1,0,0
2015-11-24,0.6095574019436454,6.7,2.8,0.8758331398464331,0,1,0,0
2015-11-25,-0.4536498564010315,7.2,0.0,1.710712794467337,0,0,0,1
2015-11-26,-0.4536498564010315,9.4,-1.0,0.736686530742949,0,0,0,1
2015-11-27,-0.4536498564010315,9.4,-1.6,-0.16776642842969688,0,0,0,1
2015-11-28,-0.4536498564010315,7.2,-2.7,-1.559232519464537,0,0,0,1
2015-11-29,-0.4536498564010315,1.7,-2.1,-1.6288058240162788,1,0,0,0
2015-11-30,-0.37877610581337817,5.6,-3.8,-1.072219387602343,0,1,0,0
2015-12-01,1.373269657937709,10.0,3.9,0.18010009432901308,0,1,0,0
2015-12-02,-0.07928110346276497,10.6,4.4,1.223699662605143,0,1,0,0
2015-12-03,1.4481434085253624,15.6,7.8,1.8498594035708211,0,1,0,0
2015-12-04,-0.1541548540504183,10.6,6.1,1.0149797489499173,0,1,0,0
2015-12-05,1.8973859120512822,10.0,6.1,0.5279666170877231,0,1,0,0
2015-12-06,1.2235221567624024,12.8,7.2,1.8498594035708211,0,1,0,0
2015-12-07,3.649431675802369,11.1,8.3,0.11052678977727104,0,1,0,0
2015-12-08,7.647689957183056,15.6,10.0,2.058579317226047,0,1,0,0
2015-12-09,1.5679414094656077,12.2,7.8,2.128152621777789,0,1,0,0
2015-12-10,0.9539766546468507,11.7,6.1,2.963032276398693,0,1,0,0
2015-12-11,-0.40872560604843955,9.4,4.4,-0.306913037533181,0,1,0,0
2015-12-12,1.942310162403874,8.9,5.6,1.6411394899155947,0,1,0,0
2015-12-13,-0.2589781048731329,7.8,6.1,1.9890060126743048,0,1,0,0
2015-12-14,-0.4536498564010315,7.8,1.7,-1.072219387602343,0,0,0,1
2015-12-15,-0.2290286046380716,6.7,1.1,-0.23733973298143896,0,1,0,0
2015-12-16,0.0854411478300723,6.1,2.8,-0.654779560291891,0,1,0,0
2015-12-17,2.8108456692206527,6.7,3.9,1.919432708122563,0,1,0,0
2015-12-18,2.3166789153421408,8.9,4.4,1.2932729671568848,0,1,0,0
2015-12-19,-0.4536498564010315,8.3,2.8,0.5975399216394648,1,0,0,0
2015-12-20,0.19026439865278688,7.8,4.4,2.406445839984757,0,1,0,0
2015-12-21,3.649431675802369,5.6,2.8,0.736686530742949,0,1,0,0
2015-12-22,0.23518864900537884,7.8,2.8,1.223699662605143,0,1,0,0
2015-12-23,0.4598099007683388,5.0,2.8,3.0326055809504346,0,1,0,0
2015-12-24,-0.07928110346276497,5.6,2.2,0.736686530742949,0,1,0,0
2015-12-25,0.4148856504157468,5.0,2.2,-1.2113659967058268,0,1,0,0
2015-12-26,-0.4536498564010315,4.4,0.0,-0.5156329511884069,0,0,0,1
2015-12-27,0.8341786537066053,4.4,1.7,-0.23733973298143896,0,1,0,0
2015-12-28,-0.2290286046380716,5.0,1.7,-1.3505126058093109,0,1,0,0
2015-12-29,-0.4536498564010315,7.2,0.6,-0.4460596466366648,1,0,0,0
2015-12-30,-0.4536498564010315,5.6,-1.0,0.11052678977727104,0,0,0,1
2015-12-31,-0.4536498564010315,5.6,-2.1,0.18010009432901308,0,0,0,1
